Index	FileName	Category	FOB
1	001.png	FOB72	Body
2	002.png	FOB72	Body
3	003.png	FOB72	Body
4	004.png	FOB72	Body
5	005.png	FOB72	Body
6	006.png	FOB72	Body
7	007.png	FOB72	Body
8	008.png	FOB72	Body
9	009.png	FOB72	Body
10	010.png	FOB72	Body
11	011.png	FOB72	Body
12	012.png	FOB72	Body
13	013.png	FOB72	Body
14	014.png	FOB72	Body
15	015.png	FOB72	Body
16	016.png	FOB72	Body
17	017.png	FOB72	Body
18	018.png	FOB72	Body
19	019.png	FOB72	Body
20	020.png	FOB72	Body
21	021.png	FOB72	Body
22	022.png	FOB72	Body
23	023.png	FOB72	Body
24	024.png	FOB72	Body
25	025.png	FOB72	Face
26	026.png	FOB72	Face
27	027.png	FOB72	Face
28	028.png	FOB72	Face
29	029.png	FOB72	Face
30	030.png	FOB72	Face
31	031.png	FOB72	Face
32	032.png	FOB72	Face
33	033.png	FOB72	Face
34	034.png	FOB72	Face
35	035.png	FOB72	Face
36	036.png	FOB72	Face
37	037.png	FOB72	Face
38	038.png	FOB72	Face
39	039.png	FOB72	Face
40	040.png	FOB72	Face
41	041.png	FOB72	Face
42	042.png	FOB72	Face
43	043.png	FOB72	Face
44	044.png	FOB72	Face
45	045.png	FOB72	Face
46	046.png	FOB72	Face
47	047.png	FOB72	Face
48	048.png	FOB72	Face
49	049.png	FOB72	Object
50	050.png	FOB72	Object
51	051.png	FOB72	Object
52	052.png	FOB72	Object
53	053.png	FOB72	Object
54	054.png	FOB72	Object
55	055.png	FOB72	Object
56	056.png	FOB72	Object
57	057.png	FOB72	Object
58	058.png	FOB72	Object
59	059.png	FOB72	Object
60	060.png	FOB72	Object
61	061.png	FOB72	Object
62	062.png	FOB72	Object
63	063.png	FOB72	Object
64	064.png	FOB72	Object
65	065.png	FOB72	Object
66	066.png	FOB72	Object
67	067.png	FOB72	Object
68	068.png	FOB72	Object
69	069.png	FOB72	Object
70	070.png	FOB72	Object
71	071.png	FOB72	Object
72	072.png	FOB72	Object
