Index	Object_Name	FOB_Category	Man_made	Tool	Spikiness	Furry	Interactive_Tool	No_Interactive_Tools(Sensor)	vehicles	Clothting	Schematic	Furniture	Food
1	acorn	Food	0	0	1	0							
2	anteater	Body	0	0	3	1							
3	anvil	Object	1	1	4	0							
4	stone_arch	Object	1	0	4	0							
5	armadillo	Body	0	0	3	0							
6	avocado	Food	0	0	1	0							
7	glove	Object	1	1	2	0							
8	box	Object	1	1	2	0							
9	bat	Body	0	0	3	1							
10	bench	Object	1	1	4	0							
11	binocular	Object	1	1	3	0							
12	birdcage	Object	1	1	2	0							
13	birdhouse	Object	1	1	3	0							
14	nest	Object	0	0	2	1							
15	Zeppelin	Object	1	1	2	0							
16	blowfish	Face	0	0	1	0							
17	brain	Face	0	0	2	0							
18	yak	Body	0	0	3	1							
19	Cereus	Object	0	0	4	0							
20	outside_caliper	Object	1	1	4	0							
21	camera	Object	1	1	3	0							
22	can	Object	1	1	2	0							
23	cheese	Food	1	0	3	0							
24	chest	Object	1	1	2	0							
25	chimney	Object	1	1	3	0							
26	closet	Object	1	1	3	0							
27	cockroach	Body	0	0	4	0							
28	colander	Object	1	1	2	0							
29	compass	Object	1	1	1	0							
30	crab	Body	0	0	4	0							
31	chopping_board	Object	1	1	2	0							
32	door_handle	Object	1	1	1	0							
33	dart	Object	1	0	5	0							
34	dinosaur	Body	0	0	4	0							
35	dog_house	Object	1	1	3	0							
36	dolphin	Body	0	0	3	0							
37	dragonfly	Body	0	0	4	0							
38	dustpan	Object	1	1	2	0							
39	drawing_board	Object	1	1	4	0							
40	ribbon_fish	Body	0	0	4	0							
41	folding_fan	Object	1	1	3	0							
42	faucet	Object	1	1	3	0							
43	feather	Object	0	0	4	1							
44	fern	Object	0	0	3	0							
45	ferris_wheel	Object	1	0	2	0							
46	fire_hydrant	Object	1	1	4	0							
47	fishbowl	Object	1	0	1	0							
48	fish_hook	Object	1	1	5	0							
49	fishing_reel	Object	1	1	3	0							
50	fish_tail	Object	0	0	3	0							
51	flamingos	Body	0	0	4	1							
52	flashlight	Object	1	1	4	0							
53	funnel	Object	1	1	4	0							
54	globe	Object	1	0	2	0							
55	goggles	Object	1	1	3	0							
56	grill	Object	1	1	2	0							
57	food_bag	Food	1	0	3	0							
58	hamburger	Food	1	0	2	0							
59	hammock	Object	1	1	4	0							
60	harmonica	Object	1	0	4	0							
61	headphones	Object	1	1	3	0							
62	hippopotamus	Body	0	0	3	0							
63	plough	Object	1	1	5	0							
64	horseshoe	Object	1	1	2	0							
65	hyena	Body	0	0	3	1							
66	igloo	Object	1	0	2	0							
67	jar	Object	1	1	2	0							
68	jellyfish	Object	0	0	3	0							
69	koala¡¤	Body	0	0	3	1							
70	spoon	Object	1	1	4	0							
71	ladybug	Body	0	0	2	0							
72	sheep	Body	0	0	3	1							
73	oil_lamp	Object	1	1	2	0							
74	weeder	Object	1	1	3	0							
75	lipstick	Object	1	1	5	0							
76	lizard	Body	0	0	4	0							
77	alpaca	Body	0	0	3	0							
78	firewood	Object	1	1	3	0							
79	lung	Body	0	0	2	0							
80	sand_hammer	Object	1	0	3	0							
81	microscope	Object	1	1	3	0							
82	moose	Body	0	0	3	1							
83	net	Object	1	1	2	0							
84	octopus	Object	0	0	2	0							
85	racket	Object	1	1	2	0							
86	coconut_trees	Object	0	0	4	0							
87	panda	Body	0	0	2	1							
88	parachute	Object	1	1	3	0							
89	parrot	Body	0	0	4	1							
90	green_beans	Food	0	0	4	0							
91	pelicans	Body	0	0	3	1							
92	paint	Object	1	0	3	0							
93	bed	Object	1	1	3	0							
94	platypus	Body	0	0	4	1							
95	pretzel_bread	Food	1	0	2	0							
96	propeller	Object	1	1	4	0							
97	pyramid	Object	1	0	3	0							
98	rake	Object	1	1	5	0							
99	rat	Body	0	0	4	1							
100	stingray	Body	0	0	3	0							
101	rocket	Object	1	0	5	0							
102	rope	Object	1	1	3	0							
103	rose	Object	0	0	5	0							
104	saddle	Object	1	1	3	0							
105	strongbox	Object	1	1	3	0							
106	saxophone	Object	1	0	4	0							
107	balance	Object	1	1	3	0							
108	shovel	Object	1	1	2	0							
109	scorpion	Object	0	0	4	0							
110	shark	Body	0	0	4	0							
111	shower_head	Object	1	1	3	0							
112	skeleton	Body	0	0	3	0							
113	skull	Face	0	0	2	0							
114	spatula	Object	1	1	4	0							
115	spiderweb	Object	0	0	3	0							
116	gourd	Food	0	0	2	0							
117	starfish	Object	0	0	3	0							
118	stethoscope	Object	1	1	4	0							
119	swordfish	Body	0	0	4	0							
120	syringe	Object	1	1	5	0							
121	tambourine	Object	1	0	2	0							
122	telescope	Object	1	1	4	0							
123	temperature	Object	1	1	4	0							
124	thermos	Object	1	1	3	0							
125	tire	Object	1	0	3	0							
126	totem_pole	Object	1	0	4	0							
127	toucan	Body	0	0	4	0							
128	tractor	Object	1	1	3	0							
129	cable_car	Object	1	1	2	0							
130	turkey	Body	0	0	2	1							
131	vulture	Body	0	0	2	1							
132	walrus	Body	0	0	2	0							
133	washing_machine	Object	1	1	3	0							
134	weathercock?	Object	1	0	4	0							
135	baleen_whale	Body	0	0	3	0							
136	whip	Object	1	1	5	0							
137	wolf	Body	0	0	3	1							
138	earthworm	Object	0	0	5	0							
139	yoyo	Object	1	0	2	0							
140	zipper	Object	1	1	4	0							
141	accordion	Object	1	0	3	0							
142	airplane	Object	1	0	3	0							
143	crocodile	Body	0	0	4	0							
144	anchor	Object	1	1	3	0							
145	ant	Body	0	0	4	0							
146	apple	Food	0	0	1	0							
147	arm	Body	0	0	4	0							
148	arrow	Object	1	0	4	0							
149	hops	Food	0	0	1	0							
150	ashtray	Object	1	1	2	0							
151	asparagus	Food	0	0	5	0							
152	axes	Object	1	1	4	0							
153	baby_car	Object	1	1	3	0							
154	ball	Object	1	0	1	0							
155	balloon	Object	1	0	1	0							
156	banana	Food	0	0	4	0							
157	barn	Object	1	0	3	0							
158	barrel	Object	1	1	2	0							
159	bat	Object	1	1	5	0							
160	basket	Object	1	1	3	0							
161	bear	Body	0	0	3	1							
162	bed	Object	1	0	3	0							
163	bee	Body	0	0	4	1							
164	beetle	Body	0	0	4	0							
165	bell	Object	1	1	2	0							
166	belt	Object	1	1	4	0							
167	bicycle	Object	1	1	3	0							
168	bird	Body	0	0	3	1							
169	shirt	Object	1	1	3	0							
170	book	Object	1	0	3	0							
171	boot	Object	1	1	3	0							
172	bottle	Object	1	1	4	0							
173	bow	Object	1	0	3	0							
174	bowl	Object	1	1	2	0							
175	box	Object	1	1	3	0							
176	bread	Food	1	0	2	0							
177	broom	Object	1	1	5	0							
178	brush	Object	1	1	4	0							
179	bus	Object	1	1	4	0							
180	butterfly	Object	0	0	3	0							
181	button	Object	1	0	1	0							
182	cake	Food	1	0	2	0							
183	camel	Body	0	0	4	1							
184	candle	Object	1	1	4	0							
185	cannon	Object	1	1	3	0							
186	beret	Object	1	0	3	0							
187	car	Object	1	1	4	0							
188	carrot	Food	0	0	4	0							
189	cat	Body	0	0	3	1							
190	caterpillar	Object	0	0	5	1							
191	celery	Food	0	0	4	0							
192	chain	Object	1	1	5	0							
193	chair	Object	1	1	3	0							
194	cherry	Food	0	0	2	0							
195	hen	Body	0	0	2	1							
196	chisel	Object	1	1	5	0							
197	chapel	Object	1	0	3	0							
198	cigar	Object	1	0	5	0							
199	cigarette	Object	1	0	5	0							
200	clock	Object	1	1	2	0							
201	clothespin	Object	1	1	5	0							
202	cloud	Object	0	0	2	0							
203	clown	Face	1	0	2	0							
204	cloak	Object	1	1	3	0							
205	comb	Object	1	1	5	0							
206	corn	Food	0	0	5	0							
207	sofa	Object	1	0	3	0							
208	cow	Body	0	0	4	0							
209	crown	Object	1	0	3	0							
210	cup	Object	1	1	2	0							
211	deer	Body	0	0	4	1							
212	desk	Object	1	1	3	0							
213	dog	Body	0	0	4	1							
214	girl	Body	0	0	4	0							
215	donkey	Body	0	0	4	1							
216	door	Object	1	1	4	0							
217	door_handle	Object	1	1	2	0							
218	dress	Object	1	0	4	0							
219	drawer	Object	1	1	3	0							
220	drum	Object	1	0	2	0							
221	duck	Body	0	0	4	1							
222	eagle	Body	0	0	4	1							
223	ear	Body	0	0	3	0							
224	elephant	Body	0	0	3	1							
225	envelope	Object	1	0	4	0							
226	eye	Body	0	0	3	0							
227	fence	Object	1	0	4	0							
228	finger	Body	0	0	4	0							
229	fish	Body	0	0	3	0							
230	flag	Object	1	0	4	0							
231	flower	Object	0	0	3	0							
232	flute	Object	1	0	5	0							
233	fly	Body	0	0	3	1							
234	foot	Body	0	0	3	0							
235	football	Object	1	0	4	0							
236	helmet	Object	1	0	2	0							
237	folk	Object	1	1	5	0							
238	fox	Body	0	0	4	1							
239	french_horn	Object	1	0	2	0							
240	frog	Body	0	0	4	0							
241	pan	Object	1	1	3	0							
242	trash_can	Object	1	0	3	0							
243	giraffe	Body	0	0	4	1							
244	glass	Object	1	1	4	0							
245	glasses	Object	1	1	3	0							
246	gloves	Object	1	1	3	0							
247	goat	Body	0	0	4	1							
248	gorilla	Body	0	0	3	1							
249	grape	Food	0	0	3	0							
250	cricket	Body	0	0	4	0							
251	guitar	Object	1	0	4	0							
252	gun	Object	1	1	4	0							
253	shell	Object	0	0	2	0							
254	hammer	Object	1	1	5	0							
255	hand	Body	0	0	3	0							
256	clothes_rack	Object	1	1	4	0							
257	harp	Object	1	0	4	0							
258	hat	Object	1	0	3	0							
259	heart	Object	0	0	2	0							
260	helicopter	Object	1	1	4	0							
261	horse	Body	0	0	4	1							
262	house	Object	1	0	4	0							
263	iron	Object	1	1	3	0							
264	ironing_board	Object	1	1	4	0							
265	jacket	Object	1	0	3	0							
266	kangaroo	Body	0	0	4	1							
267	kettle	Object	1	1	2	0							
268	key	Object	1	1	5	0							
269	kite	Object	1	0	4	0							
270	knife	Object	1	1	5	0							
271	ladder	Object	1	1	4	0							
272	lamp	Object	1	1	2	0							
273	maple_leaves	Object	0	0	2	0							
274	leg	Body	0	0	4	0							
275	lemon	Food	0	0	2	0							
276	leopard	Body	0	0	4	1							
277	cabbage	Food	0	0	1	0							
278	light_bulb	Object	1	1	1	0							
279	switch	Object	1	1	3	0							
280	lion	Body	0	0	4	1							
281	lip	Body	0	0	4	0							
282	lobster	Body	0	0	4	0							
283	lock	Object	1	1	3	0							
284	gloves	Object	1	1	2	0							
285	monkey	Body	0	0	4	1							
286	moon	Object	0	0	4	0							
287	motorcycle	Object	1	1	4	0							
288	mountain	Object	0	0	4	0							
289	mouse	Body	0	0	4	1							
290	mushroom	Food	0	0	3	0							
291	nail	Object	1	1	5	0							
292	file	Object	1	1	5	0							
293	rosary	Object	1	0	2	0							
294	needle	Object	1	1	5	0							
295	nose	Body	0	0	2	0							
296	hex_nuts	Object	1	1	3	0							
297	onion	Food	0	0	1	0							
298	orange	Food	0	0	1	0							
299	ostrich	Body	0	0	4	1							
300	owl	Body	0	0	3	1							
301	writing_brush	Object	1	1	5	0							
302	paints	Object	1	1	4	0							
303	apricot	Food	0	0	1	0							
304	peacock	Body	0	0	4	1							
305	peanut	Food	0	0	4	0							
306	pear	Food	0	0	2	0							
307	pen	Object	1	1	5	0							
308	pencil	Object	1	1	5	0							
309	penguin	Body	0	0	4	1							
310	bell_peppers	Food	0	0	1	0							
311	piano	Object	1	1	3	0							
312	pig	Body	0	0	4	1							
313	pineapple	Food	0	0	3	0							
314	pipe	Object	1	1	4	0							
315	pot	Object	1	1	2	0							
316	carp_pliers	Object	1	1	4	0							
317	plug	Object	1	1	3	0							
318	bag	Object	1	1	4	0							
319	cooking_pot	Object	1	1	2	0							
320	potato	Food	0	0	2	0							
321	pumpkin	Food	0	0	1	0							
322	rabbit	Body	0	0	3	1							
323	raccoon	Body	0	0	4	1							
324	record_player	Object	1	1	3	0							
325	refrigerator	Object	1	1	3	0							
326	rhino	Body	0	0	4	0							
327	ring	Object	1	0	1	0							
328	rocking_chair	Object	1	1	3	0							
329	roller_skates	Object	1	0	3	0							
330	rolling_pin	Object	1	1	5	0							
331	cock	Body	0	0	3	1							
332	ruler	Object	1	1	5	0							
333	sailboat	Object	1	1	3	0							
334	pepper_pot	Object	1	1	4	0							
335	sandwich	Food	1	0	2	0							
336	saw	Object	1	1	5	0							
337	scissors	Object	1	1	4	0							
338	screws	Object	1	1	5	0							
339	screwdriver	Object	1	1	5	0							
340	hippocampus	Body	0	0	4	0							
341	seal	Body	0	0	2	0							
342	sheep	Body	0	0	4	1							
343	shirt	Object	1	0	4	0							
344	shoe	Object	1	0	4	0							
345	skirt	Object	1	0	4	0							
346	skunk	Body	0	0	4	1							
347	skateboard	Object	1	1	4	0							
348	snails	Object	0	0	2	0							
349	snake	Object	0	0	4	0							
350	snow_man	Body	1	0	3	0							
351	sock	Object	1	1	2	0							
352	spider	Body	0	0	4	0							
353	textile_machines	Object	1	1	3	0							
354	spool	Object	1	1	3	0							
355	spoon	Object	1	1	5	0							
356	squirrel	Body	0	0	3	0							
357	star	Object	1	0	4	0							
358	stool	Object	1	1	3	0							
359	stove	Object	1	1	3	0							
360	strawberry	Food	0	0	1	0							
361	briefcase	Object	1	1	3	0							
362	sun	Object	0	0	1	0							
363	swan	Body	0	0	3	0							
364	sweater	Object	1	1	3	0							
365	swing	Object	1	0	4	0							
366	table	Object	1	1	3	0							
367	rotary_telephone	Object	1	1	3	0							
368	television	Object	1	1	3	0							
369	racket	Object	1	1	4	0							
370	paper_cup	Object	1	1	3	0							
371	thumb	Body	0	0	3	0							
372	tie	Object	1	0	3	0							
373	tiger	Body	0	0	4	1							
374	toaster	Object	1	1	3	0							
375	toe	Body	0	0	2	0							
376	tomato	Food	0	0	1	0							
377	tooth_brush	Object	1	1	5	0							
378	spin	Object	1	0	3	0							
379	traffic_light	Object	1	1	3	0							
380	train	Object	1	1	4	0							
381	oak	Object	0	0	3	0							
382	truck	Object	1	1	4	0							
383	trumpet	Object	1	1	4	0							
384	turtle	Body	0	0	3	0							
385	umbrella	Object	1	1	4	0							
386	vase	Object	1	0	4	0							
387	vest	Object	1	0	3	0							
388	violin	Object	1	0	4	0							
389	handcart	Object	1	1	3	0							
390	hadnwatch	Object	1	1	3	0							
391	watering_can	Object	1	1	3	0							
392	watermelon	Food	0	0	4	0							
393	well	Object	1	1	3	0							
394	wheel	Object	1	1	1	0							
395	whistle	Object	1	1	2	0							
396	windmill	Object	1	0	3	0							
397	window	Object	1	1	3	0							
398	goblet	Object	1	1	3	0							
399	wrench	Object	1	1	5	0							
400	zebra	Object	0	0	4	1							
