	FileName	Category	Stim_Set	Object
0	FOB_001.avi	Body	FOB_FOB72	-1
1	FOB_002.avi	Body	FOB_FOB72	-1
2	FOB_003.avi	Body	FOB_FOB72	-1
3	FOB_004.avi	Body	FOB_FOB72	-1
4	FOB_005.avi	Body	FOB_FOB72	-1
5	FOB_006.avi	Body	FOB_FOB72	-1
6	FOB_007.avi	Body	FOB_FOB72	-1
7	FOB_008.avi	Body	FOB_FOB72	-1
8	FOB_009.avi	Body	FOB_FOB72	-1
9	FOB_010.avi	Body	FOB_FOB72	-1
10	FOB_011.avi	Body	FOB_FOB72	-1
11	FOB_012.avi	Body	FOB_FOB72	-1
12	FOB_013.avi	Body	FOB_FOB72	-1
13	FOB_014.avi	Body	FOB_FOB72	-1
14	FOB_015.avi	Body	FOB_FOB72	-1
15	FOB_016.avi	Body	FOB_FOB72	-1
16	FOB_017.avi	Body	FOB_FOB72	-1
17	FOB_018.avi	Body	FOB_FOB72	-1
18	FOB_019.avi	Body	FOB_FOB72	-1
19	FOB_020.avi	Body	FOB_FOB72	-1
20	FOB_021.avi	Body	FOB_FOB72	-1
21	FOB_022.avi	Body	FOB_FOB72	-1
22	FOB_023.avi	Body	FOB_FOB72	-1
23	FOB_024.avi	Body	FOB_FOB72	-1
24	FOB_025.avi	Face	FOB_FOB72	-1
25	FOB_026.avi	Face	FOB_FOB72	-1
26	FOB_027.avi	Face	FOB_FOB72	-1
27	FOB_028.avi	Face	FOB_FOB72	-1
28	FOB_029.avi	Face	FOB_FOB72	-1
29	FOB_030.avi	Face	FOB_FOB72	-1
30	FOB_031.avi	Face	FOB_FOB72	-1
31	FOB_032.avi	Face	FOB_FOB72	-1
32	FOB_033.avi	Face	FOB_FOB72	-1
33	FOB_034.avi	Face	FOB_FOB72	-1
34	FOB_035.avi	Face	FOB_FOB72	-1
35	FOB_036.avi	Face	FOB_FOB72	-1
36	FOB_037.avi	Face	FOB_FOB72	-1
37	FOB_038.avi	Face	FOB_FOB72	-1
38	FOB_039.avi	Face	FOB_FOB72	-1
39	FOB_040.avi	Face	FOB_FOB72	-1
40	FOB_041.avi	Face	FOB_FOB72	-1
41	FOB_042.avi	Face	FOB_FOB72	-1
42	FOB_043.avi	Face	FOB_FOB72	-1
43	FOB_044.avi	Face	FOB_FOB72	-1
44	FOB_045.avi	Face	FOB_FOB72	-1
45	FOB_046.avi	Face	FOB_FOB72	-1
46	FOB_047.avi	Face	FOB_FOB72	-1
47	FOB_048.avi	Face	FOB_FOB72	-1
48	FOB_049.avi	Object	FOB_FOB72	-1
49	FOB_050.avi	Object	FOB_FOB72	-1
50	FOB_051.avi	Object	FOB_FOB72	-1
51	FOB_052.avi	Object	FOB_FOB72	-1
52	FOB_053.avi	Object	FOB_FOB72	-1
53	FOB_054.avi	Object	FOB_FOB72	-1
54	FOB_055.avi	Object	FOB_FOB72	-1
55	FOB_056.avi	Object	FOB_FOB72	-1
56	FOB_057.avi	Object	FOB_FOB72	-1
57	FOB_058.avi	Object	FOB_FOB72	-1
58	FOB_059.avi	Object	FOB_FOB72	-1
59	FOB_060.avi	Object	FOB_FOB72	-1
60	FOB_061.avi	Object	FOB_FOB72	-1
61	FOB_062.avi	Object	FOB_FOB72	-1
62	FOB_063.avi	Object	FOB_FOB72	-1
63	FOB_064.avi	Object	FOB_FOB72	-1
64	FOB_065.avi	Object	FOB_FOB72	-1
65	FOB_066.avi	Object	FOB_FOB72	-1
66	FOB_067.avi	Object	FOB_FOB72	-1
67	FOB_068.avi	Object	FOB_FOB72	-1
68	FOB_069.avi	Object	FOB_FOB72	-1
69	FOB_070.avi	Object	FOB_FOB72	-1
70	FOB_071.avi	Object	FOB_FOB72	-1
71	FOB_072.avi	Object	FOB_FOB72	-1
72	body1sfm_Cycle1.avi	Body	DQInva_Video_260508	1
73	body2sfm_Cycle1.avi	Body	DQInva_Video_260508	2
74	body3sfm_Cycle1.avi	Body	DQInva_Video_260508	3
75	body4sfm_Cycle1.avi	Body	DQInva_Video_260508	4
76	body5sfm_Cycle1.avi	Body	DQInva_Video_260508	5
77	body6sfm_Cycle1.avi	Body	DQInva_Video_260508	6
78	body7sfm_Cycle1.avi	Body	DQInva_Video_260508	7
79	body8sfm_Cycle1.avi	Body	DQInva_Video_260508	8
80	body9sfm_Cycle1.avi	Body	DQInva_Video_260508	9
81	body10sfm_Cycle1.avi	Body	DQInva_Video_260508	10
82	body11sfm_Cycle1.avi	Body	DQInva_Video_260508	11
83	body12sfm_Cycle1.avi	Body	DQInva_Video_260508	12
84	body13sfm_Cycle1.avi	Body	DQInva_Video_260508	13
85	body14sfm_Cycle1.avi	Body	DQInva_Video_260508	14
86	body15sfm_Cycle1.avi	Body	DQInva_Video_260508	15
87	body16sfm_Cycle1.avi	Body	DQInva_Video_260508	16
88	body17sfm_Cycle1.avi	Body	DQInva_Video_260508	17
89	body18sfm_Cycle1.avi	Body	DQInva_Video_260508	18
90	body20sfm_Cycle1.avi	Body	DQInva_Video_260508	19
91	face1sfm_Cycle1.avi	Face	DQInva_Video_260508	20
92	face2sfm_Cycle1.avi	Face	DQInva_Video_260508	21
93	face3sfm_Cycle1.avi	Face	DQInva_Video_260508	22
94	face4sfm_Cycle1.avi	Face	DQInva_Video_260508	23
95	face5sfm_Cycle1.avi	Face	DQInva_Video_260508	24
96	face6sfm_Cycle1.avi	Face	DQInva_Video_260508	25
97	face7sfm_Cycle1.avi	Face	DQInva_Video_260508	26
98	face8sfm_Cycle1.avi	Face	DQInva_Video_260508	27
99	face9sfm_Cycle1.avi	Face	DQInva_Video_260508	28
100	face10sfm_Cycle1.avi	Face	DQInva_Video_260508	29
101	face11sfm_Cycle1.avi	Face	DQInva_Video_260508	30
102	face12sfm_Cycle1.avi	Face	DQInva_Video_260508	31
103	face13sfm_Cycle1.avi	Face	DQInva_Video_260508	32
104	face14sfm_Cycle1.avi	Face	DQInva_Video_260508	33
105	face15sfm_Cycle1.avi	Face	DQInva_Video_260508	34
106	face16sfm_Cycle1.avi	Face	DQInva_Video_260508	35
107	face17sfm_Cycle1.avi	Face	DQInva_Video_260508	36
108	face18sfm_Cycle1.avi	Face	DQInva_Video_260508	37
109	face19sfm_Cycle1.avi	Face	DQInva_Video_260508	38
110	face20sfm_Cycle1.avi	Face	DQInva_Video_260508	39
111	chair1sfm_Cycle1.avi	Chair	DQInva_Video_260508	40
112	chair2sfm_Cycle1.avi	Chair	DQInva_Video_260508	41
113	chair3sfm_Cycle1.avi	Chair	DQInva_Video_260508	42
114	chair4sfm_Cycle1.avi	Chair	DQInva_Video_260508	43
115	chair5sfm_Cycle1.avi	Chair	DQInva_Video_260508	44
116	chair7sfm_Cycle1.avi	Chair	DQInva_Video_260508	45
117	chair8sfm_Cycle1.avi	Chair	DQInva_Video_260508	46
118	chair9sfm_Cycle1.avi	Chair	DQInva_Video_260508	47
119	chair10sfm_Cycle1.avi	Chair	DQInva_Video_260508	48
120	chair11sfm_Cycle1.avi	Chair	DQInva_Video_260508	49
121	chair12sfm_Cycle1.avi	Chair	DQInva_Video_260508	50
122	chair13sfm_Cycle1.avi	Chair	DQInva_Video_260508	51
123	chair14sfm_Cycle1.avi	Chair	DQInva_Video_260508	52
124	chair15sfm_Cycle1.avi	Chair	DQInva_Video_260508	53
125	chair16sfm_Cycle1.avi	Chair	DQInva_Video_260508	54
126	chair17sfm_Cycle1.avi	Chair	DQInva_Video_260508	55
127	chair18sfm_Cycle1.avi	Chair	DQInva_Video_260508	56
128	chair19sfm_Cycle1.avi	Chair	DQInva_Video_260508	57
129	chair20sfm_Cycle1.avi	Chair	DQInva_Video_260508	58
130	tool1sfm_Cycle1.avi	Tool	DQInva_Video_260508	59
131	tool2sfm_Cycle1.avi	Tool	DQInva_Video_260508	60
132	tool3sfm_Cycle1.avi	Tool	DQInva_Video_260508	61
133	tool4sfm_Cycle1.avi	Tool	DQInva_Video_260508	62
134	tool5sfm_Cycle1.avi	Tool	DQInva_Video_260508	63
135	tool6sfm_Cycle1.avi	Tool	DQInva_Video_260508	64
136	tool7sfm_Cycle1.avi	Tool	DQInva_Video_260508	65
137	tool8sfm_Cycle1.avi	Tool	DQInva_Video_260508	66
138	tool9sfm_Cycle1.avi	Tool	DQInva_Video_260508	67
139	tool10sfm_Cycle1.avi	Tool	DQInva_Video_260508	68
140	tool11sfm_Cycle1.avi	Tool	DQInva_Video_260508	69
141	tool12sfm_Cycle1.avi	Tool	DQInva_Video_260508	70
142	tool13sfm_Cycle1.avi	Tool	DQInva_Video_260508	71
143	tool14sfm_Cycle1.avi	Tool	DQInva_Video_260508	72
144	tool15sfm_Cycle1.avi	Tool	DQInva_Video_260508	73
145	tool16sfm_Cycle1.avi	Tool	DQInva_Video_260508	74
146	tool17sfm_Cycle1.avi	Tool	DQInva_Video_260508	75
147	tool18sfm_Cycle1.avi	Tool	DQInva_Video_260508	76
148	tool19sfm_Cycle1.avi	Tool	DQInva_Video_260508	77
149	tool20sfm_Cycle1.avi	Tool	DQInva_Video_260508	78
150	body1sfm_Cycle2.avi	Body	DQInva_Video_260508	1
151	body2sfm_Cycle2.avi	Body	DQInva_Video_260508	2
152	body3sfm_Cycle2.avi	Body	DQInva_Video_260508	3
153	body4sfm_Cycle2.avi	Body	DQInva_Video_260508	4
154	body5sfm_Cycle2.avi	Body	DQInva_Video_260508	5
155	body6sfm_Cycle2.avi	Body	DQInva_Video_260508	6
156	body7sfm_Cycle2.avi	Body	DQInva_Video_260508	7
157	body8sfm_Cycle2.avi	Body	DQInva_Video_260508	8
158	body9sfm_Cycle2.avi	Body	DQInva_Video_260508	9
159	body10sfm_Cycle2.avi	Body	DQInva_Video_260508	10
160	body11sfm_Cycle2.avi	Body	DQInva_Video_260508	11
161	body12sfm_Cycle2.avi	Body	DQInva_Video_260508	12
162	body13sfm_Cycle2.avi	Body	DQInva_Video_260508	13
163	body14sfm_Cycle2.avi	Body	DQInva_Video_260508	14
164	body15sfm_Cycle2.avi	Body	DQInva_Video_260508	15
165	body16sfm_Cycle2.avi	Body	DQInva_Video_260508	16
166	body17sfm_Cycle2.avi	Body	DQInva_Video_260508	17
167	body18sfm_Cycle2.avi	Body	DQInva_Video_260508	18
168	body20sfm_Cycle2.avi	Body	DQInva_Video_260508	19
169	face1sfm_Cycle2.avi	Face	DQInva_Video_260508	20
170	face2sfm_Cycle2.avi	Face	DQInva_Video_260508	21
171	face3sfm_Cycle2.avi	Face	DQInva_Video_260508	22
172	face4sfm_Cycle2.avi	Face	DQInva_Video_260508	23
173	face5sfm_Cycle2.avi	Face	DQInva_Video_260508	24
174	face6sfm_Cycle2.avi	Face	DQInva_Video_260508	25
175	face7sfm_Cycle2.avi	Face	DQInva_Video_260508	26
176	face8sfm_Cycle2.avi	Face	DQInva_Video_260508	27
177	face9sfm_Cycle2.avi	Face	DQInva_Video_260508	28
178	face10sfm_Cycle2.avi	Face	DQInva_Video_260508	29
179	face11sfm_Cycle2.avi	Face	DQInva_Video_260508	30
180	face12sfm_Cycle2.avi	Face	DQInva_Video_260508	31
181	face13sfm_Cycle2.avi	Face	DQInva_Video_260508	32
182	face14sfm_Cycle2.avi	Face	DQInva_Video_260508	33
183	face15sfm_Cycle2.avi	Face	DQInva_Video_260508	34
184	face16sfm_Cycle2.avi	Face	DQInva_Video_260508	35
185	face17sfm_Cycle2.avi	Face	DQInva_Video_260508	36
186	face18sfm_Cycle2.avi	Face	DQInva_Video_260508	37
187	face19sfm_Cycle2.avi	Face	DQInva_Video_260508	38
188	face20sfm_Cycle2.avi	Face	DQInva_Video_260508	39
189	chair1sfm_Cycle2.avi	Chair	DQInva_Video_260508	40
190	chair2sfm_Cycle2.avi	Chair	DQInva_Video_260508	41
191	chair3sfm_Cycle2.avi	Chair	DQInva_Video_260508	42
192	chair4sfm_Cycle2.avi	Chair	DQInva_Video_260508	43
193	chair5sfm_Cycle2.avi	Chair	DQInva_Video_260508	44
194	chair7sfm_Cycle2.avi	Chair	DQInva_Video_260508	45
195	chair8sfm_Cycle2.avi	Chair	DQInva_Video_260508	46
196	chair9sfm_Cycle2.avi	Chair	DQInva_Video_260508	47
197	chair10sfm_Cycle2.avi	Chair	DQInva_Video_260508	48
198	chair11sfm_Cycle2.avi	Chair	DQInva_Video_260508	49
199	chair12sfm_Cycle2.avi	Chair	DQInva_Video_260508	50
200	chair13sfm_Cycle2.avi	Chair	DQInva_Video_260508	51
201	chair14sfm_Cycle2.avi	Chair	DQInva_Video_260508	52
202	chair15sfm_Cycle2.avi	Chair	DQInva_Video_260508	53
203	chair16sfm_Cycle2.avi	Chair	DQInva_Video_260508	54
204	chair17sfm_Cycle2.avi	Chair	DQInva_Video_260508	55
205	chair18sfm_Cycle2.avi	Chair	DQInva_Video_260508	56
206	chair19sfm_Cycle2.avi	Chair	DQInva_Video_260508	57
207	chair20sfm_Cycle2.avi	Chair	DQInva_Video_260508	58
208	tool1sfm_Cycle2.avi	Tool	DQInva_Video_260508	59
209	tool2sfm_Cycle2.avi	Tool	DQInva_Video_260508	60
210	tool3sfm_Cycle2.avi	Tool	DQInva_Video_260508	61
211	tool4sfm_Cycle2.avi	Tool	DQInva_Video_260508	62
212	tool5sfm_Cycle2.avi	Tool	DQInva_Video_260508	63
213	tool6sfm_Cycle2.avi	Tool	DQInva_Video_260508	64
214	tool7sfm_Cycle2.avi	Tool	DQInva_Video_260508	65
215	tool8sfm_Cycle2.avi	Tool	DQInva_Video_260508	66
216	tool9sfm_Cycle2.avi	Tool	DQInva_Video_260508	67
217	tool10sfm_Cycle2.avi	Tool	DQInva_Video_260508	68
218	tool11sfm_Cycle2.avi	Tool	DQInva_Video_260508	69
219	tool12sfm_Cycle2.avi	Tool	DQInva_Video_260508	70
220	tool13sfm_Cycle2.avi	Tool	DQInva_Video_260508	71
221	tool14sfm_Cycle2.avi	Tool	DQInva_Video_260508	72
222	tool15sfm_Cycle2.avi	Tool	DQInva_Video_260508	73
223	tool16sfm_Cycle2.avi	Tool	DQInva_Video_260508	74
224	tool17sfm_Cycle2.avi	Tool	DQInva_Video_260508	75
225	tool18sfm_Cycle2.avi	Tool	DQInva_Video_260508	76
226	tool19sfm_Cycle2.avi	Tool	DQInva_Video_260508	77
227	tool20sfm_Cycle2.avi	Tool	DQInva_Video_260508	78
228	body1sfm_Cycle3.avi	Body	DQInva_Video_260508	1
229	body2sfm_Cycle3.avi	Body	DQInva_Video_260508	2
230	body3sfm_Cycle3.avi	Body	DQInva_Video_260508	3
231	body4sfm_Cycle3.avi	Body	DQInva_Video_260508	4
232	body5sfm_Cycle3.avi	Body	DQInva_Video_260508	5
233	body6sfm_Cycle3.avi	Body	DQInva_Video_260508	6
234	body7sfm_Cycle3.avi	Body	DQInva_Video_260508	7
235	body8sfm_Cycle3.avi	Body	DQInva_Video_260508	8
236	body9sfm_Cycle3.avi	Body	DQInva_Video_260508	9
237	body10sfm_Cycle3.avi	Body	DQInva_Video_260508	10
238	body11sfm_Cycle3.avi	Body	DQInva_Video_260508	11
239	body12sfm_Cycle3.avi	Body	DQInva_Video_260508	12
240	body13sfm_Cycle3.avi	Body	DQInva_Video_260508	13
241	body14sfm_Cycle3.avi	Body	DQInva_Video_260508	14
242	body15sfm_Cycle3.avi	Body	DQInva_Video_260508	15
243	body16sfm_Cycle3.avi	Body	DQInva_Video_260508	16
244	body17sfm_Cycle3.avi	Body	DQInva_Video_260508	17
245	body18sfm_Cycle3.avi	Body	DQInva_Video_260508	18
246	body20sfm_Cycle3.avi	Body	DQInva_Video_260508	19
247	face1sfm_Cycle3.avi	Face	DQInva_Video_260508	20
248	face2sfm_Cycle3.avi	Face	DQInva_Video_260508	21
249	face3sfm_Cycle3.avi	Face	DQInva_Video_260508	22
250	face4sfm_Cycle3.avi	Face	DQInva_Video_260508	23
251	face5sfm_Cycle3.avi	Face	DQInva_Video_260508	24
252	face6sfm_Cycle3.avi	Face	DQInva_Video_260508	25
253	face7sfm_Cycle3.avi	Face	DQInva_Video_260508	26
254	face8sfm_Cycle3.avi	Face	DQInva_Video_260508	27
255	face9sfm_Cycle3.avi	Face	DQInva_Video_260508	28
256	face10sfm_Cycle3.avi	Face	DQInva_Video_260508	29
257	face11sfm_Cycle3.avi	Face	DQInva_Video_260508	30
258	face12sfm_Cycle3.avi	Face	DQInva_Video_260508	31
259	face13sfm_Cycle3.avi	Face	DQInva_Video_260508	32
260	face14sfm_Cycle3.avi	Face	DQInva_Video_260508	33
261	face15sfm_Cycle3.avi	Face	DQInva_Video_260508	34
262	face16sfm_Cycle3.avi	Face	DQInva_Video_260508	35
263	face17sfm_Cycle3.avi	Face	DQInva_Video_260508	36
264	face18sfm_Cycle3.avi	Face	DQInva_Video_260508	37
265	face19sfm_Cycle3.avi	Face	DQInva_Video_260508	38
266	face20sfm_Cycle3.avi	Face	DQInva_Video_260508	39
267	chair1sfm_Cycle3.avi	Chair	DQInva_Video_260508	40
268	chair2sfm_Cycle3.avi	Chair	DQInva_Video_260508	41
269	chair3sfm_Cycle3.avi	Chair	DQInva_Video_260508	42
270	chair4sfm_Cycle3.avi	Chair	DQInva_Video_260508	43
271	chair5sfm_Cycle3.avi	Chair	DQInva_Video_260508	44
272	chair7sfm_Cycle3.avi	Chair	DQInva_Video_260508	45
273	chair8sfm_Cycle3.avi	Chair	DQInva_Video_260508	46
274	chair9sfm_Cycle3.avi	Chair	DQInva_Video_260508	47
275	chair10sfm_Cycle3.avi	Chair	DQInva_Video_260508	48
276	chair11sfm_Cycle3.avi	Chair	DQInva_Video_260508	49
277	chair12sfm_Cycle3.avi	Chair	DQInva_Video_260508	50
278	chair13sfm_Cycle3.avi	Chair	DQInva_Video_260508	51
279	chair14sfm_Cycle3.avi	Chair	DQInva_Video_260508	52
280	chair15sfm_Cycle3.avi	Chair	DQInva_Video_260508	53
281	chair16sfm_Cycle3.avi	Chair	DQInva_Video_260508	54
282	chair17sfm_Cycle3.avi	Chair	DQInva_Video_260508	55
283	chair18sfm_Cycle3.avi	Chair	DQInva_Video_260508	56
284	chair19sfm_Cycle3.avi	Chair	DQInva_Video_260508	57
285	chair20sfm_Cycle3.avi	Chair	DQInva_Video_260508	58
286	tool1sfm_Cycle3.avi	Tool	DQInva_Video_260508	59
287	tool2sfm_Cycle3.avi	Tool	DQInva_Video_260508	60
288	tool3sfm_Cycle3.avi	Tool	DQInva_Video_260508	61
289	tool4sfm_Cycle3.avi	Tool	DQInva_Video_260508	62
290	tool5sfm_Cycle3.avi	Tool	DQInva_Video_260508	63
291	tool6sfm_Cycle3.avi	Tool	DQInva_Video_260508	64
292	tool7sfm_Cycle3.avi	Tool	DQInva_Video_260508	65
293	tool8sfm_Cycle3.avi	Tool	DQInva_Video_260508	66
294	tool9sfm_Cycle3.avi	Tool	DQInva_Video_260508	67
295	tool10sfm_Cycle3.avi	Tool	DQInva_Video_260508	68
296	tool11sfm_Cycle3.avi	Tool	DQInva_Video_260508	69
297	tool12sfm_Cycle3.avi	Tool	DQInva_Video_260508	70
298	tool13sfm_Cycle3.avi	Tool	DQInva_Video_260508	71
299	tool14sfm_Cycle3.avi	Tool	DQInva_Video_260508	72
300	tool15sfm_Cycle3.avi	Tool	DQInva_Video_260508	73
301	tool16sfm_Cycle3.avi	Tool	DQInva_Video_260508	74
302	tool17sfm_Cycle3.avi	Tool	DQInva_Video_260508	75
303	tool18sfm_Cycle3.avi	Tool	DQInva_Video_260508	76
304	tool19sfm_Cycle3.avi	Tool	DQInva_Video_260508	77
305	tool20sfm_Cycle3.avi	Tool	DQInva_Video_260508	78
