,Constrain,Graph,Prop_Correct,Network
0,4,0,0.34058613,Alexnet
1,4,0,0.34026507,VGG16
2,4,0,0.3428339,Resnet50
3,4,0,0.3392712,Alexnet
4,4,0,0.3383634,VGG16
5,4,0,0.33710876,Resnet50
6,4,0,0.33965805,Alexnet
7,4,0,0.34119183,VGG16
8,4,0,0.3403334,Resnet50
9,4,0,0.3392111,Alexnet
10,4,0,0.3412952,VGG16
11,4,0,0.33815587,Resnet50
12,4,0,0.3433825,Alexnet
13,4,0,0.33713076,VGG16
14,4,0,0.33693567,Resnet50
15,4,0,0.34149653,Alexnet
16,4,0,0.34117982,VGG16
17,4,0,0.34217334,Resnet50
18,4,0,0.34357348,Alexnet
19,4,0,0.34022602,VGG16
20,4,0,0.3396062,Resnet50
21,4,0,0.3418661,Alexnet
22,4,0,0.33840674,VGG16
23,4,0,0.34025222,Resnet50
24,4,0,0.34769264,Alexnet
25,4,0,0.34055167,VGG16
26,4,0,0.3434603,Resnet50
27,4,0,0.34075445,Alexnet
28,4,0,0.34033898,VGG16
29,4,0,0.34195897,Resnet50
30,4,1,0.3519248,Alexnet
31,4,1,0.3387502,VGG16
32,4,1,0.34413138,Resnet50
33,4,1,0.3518843,Alexnet
34,4,1,0.3382885,VGG16
35,4,1,0.34460327,Resnet50
36,4,1,0.34958434,Alexnet
37,4,1,0.3449559,VGG16
38,4,1,0.3435084,Resnet50
39,4,1,0.35371703,Alexnet
40,4,1,0.34333625,VGG16
41,4,1,0.3401817,Resnet50
42,4,1,0.35358518,Alexnet
43,4,1,0.33737162,VGG16
44,4,1,0.3444661,Resnet50
45,4,1,0.35100347,Alexnet
46,4,1,0.33810422,VGG16
47,4,1,0.34397617,Resnet50
48,4,1,0.3521072,Alexnet
49,4,1,0.33714774,VGG16
50,4,1,0.34121856,Resnet50
51,4,1,0.35159492,Alexnet
52,4,1,0.3381179,VGG16
53,4,1,0.34380877,Resnet50
54,4,1,0.35349837,Alexnet
55,4,1,0.3380806,VGG16
56,4,1,0.34102595,Resnet50
57,4,1,0.3502898,Alexnet
58,4,1,0.34177488,VGG16
59,4,1,0.33983538,Resnet50
60,4,2,0.3388619,Alexnet
61,4,2,0.33536503,VGG16
62,4,2,0.3376833,Resnet50
63,4,2,0.3388279,Alexnet
64,4,2,0.33418205,VGG16
65,4,2,0.33841985,Resnet50
66,4,2,0.3384661,Alexnet
67,4,2,0.3350633,VGG16
68,4,2,0.34044358,Resnet50
69,4,2,0.33984172,Alexnet
70,4,2,0.33498657,VGG16
71,4,2,0.33767998,Resnet50
72,4,2,0.3397931,Alexnet
73,4,2,0.33565134,VGG16
74,4,2,0.33839002,Resnet50
75,4,2,0.339104,Alexnet
76,4,2,0.33476305,VGG16
77,4,2,0.33841226,Resnet50
78,4,2,0.3404288,Alexnet
79,4,2,0.33574438,VGG16
80,4,2,0.34156588,Resnet50
81,4,2,0.3383515,Alexnet
82,4,2,0.33520105,VGG16
83,4,2,0.34089088,Resnet50
84,4,2,0.3400967,Alexnet
85,4,2,0.3350538,VGG16
86,4,2,0.34124875,Resnet50
87,4,2,0.33949846,Alexnet
88,4,2,0.33412963,VGG16
89,4,2,0.34036434,Resnet50
90,4,3,0.34534463,Alexnet
91,4,3,0.33939913,VGG16
92,4,3,0.34325284,Resnet50
93,4,3,0.34392902,Alexnet
94,4,3,0.33712608,VGG16
95,4,3,0.34211835,Resnet50
96,4,3,0.34392536,Alexnet
97,4,3,0.33835477,VGG16
98,4,3,0.34258893,Resnet50
99,4,3,0.3440628,Alexnet
100,4,3,0.3395186,VGG16
101,4,3,0.34223738,Resnet50
102,4,3,0.3436814,Alexnet
103,4,3,0.33804864,VGG16
104,4,3,0.34506327,Resnet50
105,4,3,0.3438626,Alexnet
106,4,3,0.33919713,VGG16
107,4,3,0.3442453,Resnet50
108,4,3,0.3443997,Alexnet
109,4,3,0.33832103,VGG16
110,4,3,0.3448274,Resnet50
111,4,3,0.34249577,Alexnet
112,4,3,0.3367648,VGG16
113,4,3,0.339573,Resnet50
114,4,3,0.34312057,Alexnet
115,4,3,0.3365828,VGG16
116,4,3,0.34296575,Resnet50
117,4,3,0.34324095,Alexnet
118,4,3,0.33797002,VGG16
119,4,3,0.34308487,Resnet50
120,4,4,0.35008246,Alexnet
121,4,4,0.3488307,VGG16
122,4,4,0.3456219,Resnet50
123,4,4,0.34965885,Alexnet
124,4,4,0.34543294,VGG16
125,4,4,0.34685385,Resnet50
126,4,4,0.3495698,Alexnet
127,4,4,0.33761665,VGG16
128,4,4,0.34415323,Resnet50
129,4,4,0.3498987,Alexnet
130,4,4,0.34789383,VGG16
131,4,4,0.35032398,Resnet50
132,4,4,0.35214168,Alexnet
133,4,4,0.34697336,VGG16
134,4,4,0.3488118,Resnet50
135,4,4,0.3518689,Alexnet
136,4,4,0.33819216,VGG16
137,4,4,0.34967035,Resnet50
138,4,4,0.35060987,Alexnet
139,4,4,0.34772208,VGG16
140,4,4,0.35188726,Resnet50
141,4,4,0.35020602,Alexnet
142,4,4,0.33816937,VGG16
143,4,4,0.3461485,Resnet50
144,4,4,0.35079747,Alexnet
145,4,4,0.34539288,VGG16
146,4,4,0.3493346,Resnet50
147,4,4,0.350851,Alexnet
148,4,4,0.3364789,VGG16
149,4,4,0.34951705,Resnet50
150,4,5,0.3334874,Alexnet
151,4,5,0.33694947,VGG16
152,4,5,0.34157526,Resnet50
153,4,5,0.34204218,Alexnet
154,4,5,0.33782396,VGG16
155,4,5,0.35015,Resnet50
156,4,5,0.33460376,Alexnet
157,4,5,0.33653322,VGG16
158,4,5,0.33920497,Resnet50
159,4,5,0.33581308,Alexnet
160,4,5,0.33782747,VGG16
161,4,5,0.34337422,Resnet50
162,4,5,0.33476245,Alexnet
163,4,5,0.3372132,VGG16
164,4,5,0.3395787,Resnet50
165,4,5,0.33770287,Alexnet
166,4,5,0.33842352,VGG16
167,4,5,0.34503362,Resnet50
168,4,5,0.3380006,Alexnet
169,4,5,0.33867142,VGG16
170,4,5,0.3459096,Resnet50
171,4,5,0.33630556,Alexnet
172,4,5,0.33759812,VGG16
173,4,5,0.33994344,Resnet50
174,4,5,0.33864254,Alexnet
175,4,5,0.33799952,VGG16
176,4,5,0.34201902,Resnet50
177,4,5,0.33953705,Alexnet
178,4,5,0.33884823,VGG16
179,4,5,0.3451974,Resnet50
180,4,6,0.34880215,Alexnet
181,4,6,0.34492013,VGG16
182,4,6,0.34808716,Resnet50
183,4,6,0.35213634,Alexnet
184,4,6,0.34667966,VGG16
185,4,6,0.35581657,Resnet50
186,4,6,0.3493861,Alexnet
187,4,6,0.3467784,VGG16
188,4,6,0.34511152,Resnet50
189,4,6,0.3478779,Alexnet
190,4,6,0.34575346,VGG16
191,4,6,0.3478374,Resnet50
192,4,6,0.3489344,Alexnet
193,4,6,0.34682637,VGG16
194,4,6,0.34597823,Resnet50
195,4,6,0.34816736,Alexnet
196,4,6,0.34580204,VGG16
197,4,6,0.3453329,Resnet50
198,4,6,0.3462839,Alexnet
199,4,6,0.34396887,VGG16
200,4,6,0.34221852,Resnet50
201,4,6,0.35154247,Alexnet
202,4,6,0.34664717,VGG16
203,4,6,0.3446234,Resnet50
204,4,6,0.34935403,Alexnet
205,4,6,0.342894,VGG16
206,4,6,0.34720215,Resnet50
207,4,6,0.3484593,Alexnet
208,4,6,0.34636244,VGG16
209,4,6,0.34393334,Resnet50
210,4,7,0.34108397,Alexnet
211,4,7,0.33633077,VGG16
212,4,7,0.3463907,Resnet50
213,4,7,0.34208888,Alexnet
214,4,7,0.33621743,VGG16
215,4,7,0.344977,Resnet50
216,4,7,0.34247744,Alexnet
217,4,7,0.3353587,VGG16
218,4,7,0.34255496,Resnet50
219,4,7,0.3430808,Alexnet
220,4,7,0.33583996,VGG16
221,4,7,0.3460933,Resnet50
222,4,7,0.3439938,Alexnet
223,4,7,0.336631,VGG16
224,4,7,0.34554872,Resnet50
225,4,7,0.34199214,Alexnet
226,4,7,0.3360974,VGG16
227,4,7,0.34264356,Resnet50
228,4,7,0.34103206,Alexnet
229,4,7,0.3358533,VGG16
230,4,7,0.3456537,Resnet50
231,4,7,0.3437283,Alexnet
232,4,7,0.33631015,VGG16
233,4,7,0.3435887,Resnet50
234,4,7,0.34226266,Alexnet
235,4,7,0.33649784,VGG16
236,4,7,0.3439534,Resnet50
237,4,7,0.34361053,Alexnet
238,4,7,0.33517992,VGG16
239,4,7,0.34146956,Resnet50
240,4,8,0.3416169,Alexnet
241,4,8,0.33442643,VGG16
242,4,8,0.3383003,Resnet50
243,4,8,0.34329858,Alexnet
244,4,8,0.33594626,VGG16
245,4,8,0.34052894,Resnet50
246,4,8,0.34000093,Alexnet
247,4,8,0.3360382,VGG16
248,4,8,0.3400187,Resnet50
249,4,8,0.34245113,Alexnet
250,4,8,0.33624554,VGG16
251,4,8,0.34125498,Resnet50
252,4,8,0.34513,Alexnet
253,4,8,0.33344975,VGG16
254,4,8,0.33807188,Resnet50
255,4,8,0.34252217,Alexnet
256,4,8,0.3367451,VGG16
257,4,8,0.34156984,Resnet50
258,4,8,0.3466214,Alexnet
259,4,8,0.33702204,VGG16
260,4,8,0.34103224,Resnet50
261,4,8,0.343362,Alexnet
262,4,8,0.33466536,VGG16
263,4,8,0.3400811,Resnet50
264,4,8,0.35253656,Alexnet
265,4,8,0.33518073,VGG16
266,4,8,0.34147668,Resnet50
267,4,8,0.3443743,Alexnet
268,4,8,0.337308,VGG16
269,4,8,0.34250852,Resnet50
270,4,9,0.3382114,Alexnet
271,4,9,0.34247276,VGG16
272,4,9,0.33873546,Resnet50
273,4,9,0.34357247,Alexnet
274,4,9,0.34664863,VGG16
275,4,9,0.34562674,Resnet50
276,4,9,0.33768898,Alexnet
277,4,9,0.34228286,VGG16
278,4,9,0.33914384,Resnet50
279,4,9,0.34137702,Alexnet
280,4,9,0.3463593,VGG16
281,4,9,0.34372196,Resnet50
282,4,9,0.3341628,Alexnet
283,4,9,0.33834267,VGG16
284,4,9,0.3315913,Resnet50
285,4,9,0.338659,Alexnet
286,4,9,0.34289882,VGG16
287,4,9,0.34141237,Resnet50
288,4,9,0.33828402,Alexnet
289,4,9,0.34104562,VGG16
290,4,9,0.33684993,Resnet50
291,4,9,0.33406937,Alexnet
292,4,9,0.3370763,VGG16
293,4,9,0.3328207,Resnet50
294,4,9,0.33993393,Alexnet
295,4,9,0.3432945,VGG16
296,4,9,0.34799764,Resnet50
297,4,9,0.33808053,Alexnet
298,4,9,0.34116146,VGG16
299,4,9,0.33795443,Resnet50
300,4,10,0.34975943,Alexnet
301,4,10,0.3398917,VGG16
302,4,10,0.3471482,Resnet50
303,4,10,0.34700704,Alexnet
304,4,10,0.33833563,VGG16
305,4,10,0.35201293,Resnet50
306,4,10,0.34999043,Alexnet
307,4,10,0.34209114,VGG16
308,4,10,0.35225675,Resnet50
309,4,10,0.34930947,Alexnet
310,4,10,0.34155887,VGG16
311,4,10,0.34538195,Resnet50
312,4,10,0.34705147,Alexnet
313,4,10,0.34132978,VGG16
314,4,10,0.35079208,Resnet50
315,4,10,0.3493403,Alexnet
316,4,10,0.3437723,VGG16
317,4,10,0.35063156,Resnet50
318,4,10,0.34910232,Alexnet
319,4,10,0.34075782,VGG16
320,4,10,0.3461331,Resnet50
321,4,10,0.34631836,Alexnet
322,4,10,0.34074003,VGG16
323,4,10,0.3519493,Resnet50
324,4,10,0.34686598,Alexnet
325,4,10,0.33948675,VGG16
326,4,10,0.34703758,Resnet50
327,4,10,0.34799463,Alexnet
328,4,10,0.3431309,VGG16
329,4,10,0.3491798,Resnet50
330,4,11,0.3499951,Alexnet
331,4,11,0.3394193,VGG16
332,4,11,0.34421822,Resnet50
333,4,11,0.35216144,Alexnet
334,4,11,0.33743474,VGG16
335,4,11,0.3468833,Resnet50
336,4,11,0.35427588,Alexnet
337,4,11,0.34019256,VGG16
338,4,11,0.34524488,Resnet50
339,4,11,0.35022843,Alexnet
340,4,11,0.3406281,VGG16
341,4,11,0.34503272,Resnet50
342,4,11,0.34996372,Alexnet
343,4,11,0.338284,VGG16
344,4,11,0.34576583,Resnet50
345,4,11,0.3554091,Alexnet
346,4,11,0.34027097,VGG16
347,4,11,0.345448,Resnet50
348,4,11,0.3457125,Alexnet
349,4,11,0.3384291,VGG16
350,4,11,0.34308633,Resnet50
351,4,11,0.35346943,Alexnet
352,4,11,0.33704832,VGG16
353,4,11,0.34510124,Resnet50
354,4,11,0.34939182,Alexnet
355,4,11,0.3361905,VGG16
356,4,11,0.34559494,Resnet50
357,4,11,0.35119757,Alexnet
358,4,11,0.34041214,VGG16
359,4,11,0.34415492,Resnet50
360,4,12,0.34083062,Alexnet
361,4,12,0.33341977,VGG16
362,4,12,0.3386779,Resnet50
363,4,12,0.3409532,Alexnet
364,4,12,0.33402708,VGG16
365,4,12,0.34243602,Resnet50
366,4,12,0.33844116,Alexnet
367,4,12,0.3338328,VGG16
368,4,12,0.34063235,Resnet50
369,4,12,0.34079483,Alexnet
370,4,12,0.33338246,VGG16
371,4,12,0.3390108,Resnet50
372,4,12,0.34074166,Alexnet
373,4,12,0.33367556,VGG16
374,4,12,0.34143576,Resnet50
375,4,12,0.3385993,Alexnet
376,4,12,0.33297405,VGG16
377,4,12,0.33911732,Resnet50
378,4,12,0.3404481,Alexnet
379,4,12,0.33286008,VGG16
380,4,12,0.33927724,Resnet50
381,4,12,0.33974817,Alexnet
382,4,12,0.33400887,VGG16
383,4,12,0.34087184,Resnet50
384,4,12,0.34115,Alexnet
385,4,12,0.334501,VGG16
386,4,12,0.34134227,Resnet50
387,4,12,0.3377532,Alexnet
388,4,12,0.3337348,VGG16
389,4,12,0.33768553,Resnet50
390,4,13,0.34437647,Alexnet
391,4,13,0.33871618,VGG16
392,4,13,0.35190994,Resnet50
393,4,13,0.34408134,Alexnet
394,4,13,0.33834076,VGG16
395,4,13,0.34920833,Resnet50
396,4,13,0.34398222,Alexnet
397,4,13,0.33950946,VGG16
398,4,13,0.34769025,Resnet50
399,4,13,0.3464903,Alexnet
400,4,13,0.33911413,VGG16
401,4,13,0.3521285,Resnet50
402,4,13,0.34372845,Alexnet
403,4,13,0.33950755,VGG16
404,4,13,0.35113943,Resnet50
405,4,13,0.34419268,Alexnet
406,4,13,0.339089,VGG16
407,4,13,0.34964946,Resnet50
408,4,13,0.3444482,Alexnet
409,4,13,0.3373269,VGG16
410,4,13,0.35436538,Resnet50
411,4,13,0.34385252,Alexnet
412,4,13,0.34054363,VGG16
413,4,13,0.3481818,Resnet50
414,4,13,0.34449342,Alexnet
415,4,13,0.3383226,VGG16
416,4,13,0.35111272,Resnet50
417,4,13,0.34498504,Alexnet
418,4,13,0.3392132,VGG16
419,4,13,0.34935674,Resnet50
420,4,14,0.34149218,Alexnet
421,4,14,0.33320478,VGG16
422,4,14,0.34505123,Resnet50
423,4,14,0.3390155,Alexnet
424,4,14,0.3352022,VGG16
425,4,14,0.34513623,Resnet50
426,4,14,0.33886164,Alexnet
427,4,14,0.33542937,VGG16
428,4,14,0.34467885,Resnet50
429,4,14,0.33625963,Alexnet
430,4,14,0.33438072,VGG16
431,4,14,0.34147456,Resnet50
432,4,14,0.34083822,Alexnet
433,4,14,0.33317536,VGG16
434,4,14,0.3443886,Resnet50
435,4,14,0.34168038,Alexnet
436,4,14,0.3341106,VGG16
437,4,14,0.34198433,Resnet50
438,4,14,0.3364555,Alexnet
439,4,14,0.3343379,VGG16
440,4,14,0.33857495,Resnet50
441,4,14,0.33999574,Alexnet
442,4,14,0.33409446,VGG16
443,4,14,0.34351858,Resnet50
444,4,14,0.336773,Alexnet
445,4,14,0.33362913,VGG16
446,4,14,0.34057525,Resnet50
447,4,14,0.33809558,Alexnet
448,4,14,0.33454695,VGG16
449,4,14,0.34279126,Resnet50
450,4,15,0.35225558,Alexnet
451,4,15,0.3404323,VGG16
452,4,15,0.34793055,Resnet50
453,4,15,0.3569104,Alexnet
454,4,15,0.34415874,VGG16
455,4,15,0.35288903,Resnet50
456,4,15,0.358547,Alexnet
457,4,15,0.3431653,VGG16
458,4,15,0.3577933,Resnet50
459,4,15,0.35668498,Alexnet
460,4,15,0.34072748,VGG16
461,4,15,0.35832,Resnet50
462,4,15,0.35021642,Alexnet
463,4,15,0.33974576,VGG16
464,4,15,0.34821993,Resnet50
465,4,15,0.34096414,Alexnet
466,4,15,0.33401847,VGG16
467,4,15,0.3415794,Resnet50
468,4,15,0.34616214,Alexnet
469,4,15,0.3352567,VGG16
470,4,15,0.3495745,Resnet50
471,4,15,0.3536372,Alexnet
472,4,15,0.34763226,VGG16
473,4,15,0.34777364,Resnet50
474,4,15,0.35745665,Alexnet
475,4,15,0.3467925,VGG16
476,4,15,0.3589361,Resnet50
477,4,15,0.36129147,Alexnet
478,4,15,0.35835657,VGG16
479,4,15,0.3591854,Resnet50
480,4,16,0.34460592,Alexnet
481,4,16,0.3346104,VGG16
482,4,16,0.34463152,Resnet50
483,4,16,0.34149122,Alexnet
484,4,16,0.33888736,VGG16
485,4,16,0.3413392,Resnet50
486,4,16,0.34403515,Alexnet
487,4,16,0.33622596,VGG16
488,4,16,0.34045509,Resnet50
489,4,16,0.34616148,Alexnet
490,4,16,0.33656693,VGG16
491,4,16,0.3403228,Resnet50
492,4,16,0.34222296,Alexnet
493,4,16,0.33609205,VGG16
494,4,16,0.34869227,Resnet50
495,4,16,0.34270313,Alexnet
496,4,16,0.3360633,VGG16
497,4,16,0.34665418,Resnet50
498,4,16,0.34455556,Alexnet
499,4,16,0.3386552,VGG16
500,4,16,0.35138538,Resnet50
501,4,16,0.34072995,Alexnet
502,4,16,0.3371583,VGG16
503,4,16,0.34475672,Resnet50
504,4,16,0.34219468,Alexnet
505,4,16,0.33655792,VGG16
506,4,16,0.34679338,Resnet50
507,4,16,0.34392914,Alexnet
508,4,16,0.3371073,VGG16
509,4,16,0.34648454,Resnet50
510,4,17,0.34550357,Alexnet
511,4,17,0.33544877,VGG16
512,4,17,0.3385753,Resnet50
513,4,17,0.34234345,Alexnet
514,4,17,0.33532578,VGG16
515,4,17,0.33864096,Resnet50
516,4,17,0.3417215,Alexnet
517,4,17,0.33550668,VGG16
518,4,17,0.33945292,Resnet50
519,4,17,0.34255725,Alexnet
520,4,17,0.3350218,VGG16
521,4,17,0.3383229,Resnet50
522,4,17,0.341455,Alexnet
523,4,17,0.3345294,VGG16
524,4,17,0.3386825,Resnet50
525,4,17,0.34229502,Alexnet
526,4,17,0.33509684,VGG16
527,4,17,0.33642903,Resnet50
528,4,17,0.341968,Alexnet
529,4,17,0.3355427,VGG16
530,4,17,0.33805826,Resnet50
531,4,17,0.3382914,Alexnet
532,4,17,0.3350191,VGG16
533,4,17,0.33942297,Resnet50
534,4,17,0.34079093,Alexnet
535,4,17,0.33703747,VGG16
536,4,17,0.3412085,Resnet50
537,4,17,0.34050918,Alexnet
538,4,17,0.3366758,VGG16
539,4,17,0.34107473,Resnet50
540,4,18,0.3473701,Alexnet
541,4,18,0.34029284,VGG16
542,4,18,0.34592178,Resnet50
543,4,18,0.34655833,Alexnet
544,4,18,0.33914658,VGG16
545,4,18,0.34164706,Resnet50
546,4,18,0.3532436,Alexnet
547,4,18,0.3392842,VGG16
548,4,18,0.3507404,Resnet50
549,4,18,0.34923473,Alexnet
550,4,18,0.33773842,VGG16
551,4,18,0.33985022,Resnet50
552,4,18,0.34567523,Alexnet
553,4,18,0.3383027,VGG16
554,4,18,0.34450936,Resnet50
555,4,18,0.34758633,Alexnet
556,4,18,0.34056655,VGG16
557,4,18,0.34264758,Resnet50
558,4,18,0.34759247,Alexnet
559,4,18,0.33727685,VGG16
560,4,18,0.3390749,Resnet50
561,4,18,0.34497467,Alexnet
562,4,18,0.33596885,VGG16
563,4,18,0.33841386,Resnet50
564,4,18,0.3471984,Alexnet
565,4,18,0.33733776,VGG16
566,4,18,0.34295723,Resnet50
567,4,18,0.35016987,Alexnet
568,4,18,0.33649865,VGG16
569,4,18,0.33913013,Resnet50
570,4,19,0.3394812,Alexnet
571,4,19,0.3359273,VGG16
572,4,19,0.3468252,Resnet50
573,4,19,0.33972862,Alexnet
574,4,19,0.33558986,VGG16
575,4,19,0.34484643,Resnet50
576,4,19,0.33894297,Alexnet
577,4,19,0.33626106,VGG16
578,4,19,0.3462908,Resnet50
579,4,19,0.33914095,Alexnet
580,4,19,0.3361071,VGG16
581,4,19,0.3464772,Resnet50
582,4,19,0.33889988,Alexnet
583,4,19,0.33644348,VGG16
584,4,19,0.34511513,Resnet50
585,4,19,0.33852366,Alexnet
586,4,19,0.33648106,VGG16
587,4,19,0.34747747,Resnet50
588,4,19,0.33873555,Alexnet
589,4,19,0.33630317,VGG16
590,4,19,0.34879404,Resnet50
591,4,19,0.33922446,Alexnet
592,4,19,0.33591166,VGG16
593,4,19,0.34559026,Resnet50
594,4,19,0.3395132,Alexnet
595,4,19,0.33594632,VGG16
596,4,19,0.3458633,Resnet50
597,4,19,0.33925188,Alexnet
598,4,19,0.33640856,VGG16
599,4,19,0.34863037,Resnet50
600,3,0,0.34083074,Alexnet
601,3,0,0.34153756,VGG16
602,3,0,0.33841303,Resnet50
603,3,0,0.33908835,Alexnet
604,3,0,0.34066752,VGG16
605,3,0,0.34117007,Resnet50
606,3,0,0.33630028,Alexnet
607,3,0,0.33694318,VGG16
608,3,0,0.32119006,Resnet50
609,3,0,0.34032094,Alexnet
610,3,0,0.3441065,VGG16
611,3,0,0.3457212,Resnet50
612,3,0,0.3409643,Alexnet
613,3,0,0.34191793,VGG16
614,3,0,0.340371,Resnet50
615,3,0,0.33945715,Alexnet
616,3,0,0.34528565,VGG16
617,3,0,0.33406097,Resnet50
618,3,0,0.34030542,Alexnet
619,3,0,0.34441146,VGG16
620,3,0,0.3387137,Resnet50
621,3,0,0.33800414,Alexnet
622,3,0,0.33927226,VGG16
623,3,0,0.321005,Resnet50
624,3,0,0.33965355,Alexnet
625,3,0,0.34095043,VGG16
626,3,0,0.34022966,Resnet50
627,3,0,0.33532143,Alexnet
628,3,0,0.3408791,VGG16
629,3,0,0.31552958,Resnet50
630,3,1,0.35709783,Alexnet
631,3,1,0.34028226,VGG16
632,3,1,0.3513143,Resnet50
633,3,1,0.35036463,Alexnet
634,3,1,0.3370626,VGG16
635,3,1,0.33793452,Resnet50
636,3,1,0.35435316,Alexnet
637,3,1,0.34261894,VGG16
638,3,1,0.34545568,Resnet50
639,3,1,0.35648316,Alexnet
640,3,1,0.3408391,VGG16
641,3,1,0.34515598,Resnet50
642,3,1,0.34993255,Alexnet
643,3,1,0.33993316,VGG16
644,3,1,0.34049585,Resnet50
645,3,1,0.35440156,Alexnet
646,3,1,0.34300268,VGG16
647,3,1,0.35006392,Resnet50
648,3,1,0.35365003,Alexnet
649,3,1,0.3426198,VGG16
650,3,1,0.34712815,Resnet50
651,3,1,0.34764642,Alexnet
652,3,1,0.34158117,VGG16
653,3,1,0.34287587,Resnet50
654,3,1,0.34949896,Alexnet
655,3,1,0.33876935,VGG16
656,3,1,0.34217635,Resnet50
657,3,1,0.35454226,Alexnet
658,3,1,0.34376967,VGG16
659,3,1,0.3463673,Resnet50
660,3,2,0.34160918,Alexnet
661,3,2,0.33624494,VGG16
662,3,2,0.3423872,Resnet50
663,3,2,0.34437904,Alexnet
664,3,2,0.336979,VGG16
665,3,2,0.3501796,Resnet50
666,3,2,0.3439526,Alexnet
667,3,2,0.3303485,VGG16
668,3,2,0.35293356,Resnet50
669,3,2,0.34536552,Alexnet
670,3,2,0.33925933,VGG16
671,3,2,0.35177442,Resnet50
672,3,2,0.34233308,Alexnet
673,3,2,0.33474553,VGG16
674,3,2,0.3391487,Resnet50
675,3,2,0.34313923,Alexnet
676,3,2,0.33544755,VGG16
677,3,2,0.33953485,Resnet50
678,3,2,0.34176898,Alexnet
679,3,2,0.3365624,VGG16
680,3,2,0.33720967,Resnet50
681,3,2,0.34782374,Alexnet
682,3,2,0.33492082,VGG16
683,3,2,0.3436719,Resnet50
684,3,2,0.34670797,Alexnet
685,3,2,0.33697549,VGG16
686,3,2,0.3508134,Resnet50
687,3,2,0.34752703,Alexnet
688,3,2,0.33383358,VGG16
689,3,2,0.3518146,Resnet50
690,3,3,0.34304062,Alexnet
691,3,3,0.33958402,VGG16
692,3,3,0.34295562,Resnet50
693,3,3,0.3442626,Alexnet
694,3,3,0.33828607,VGG16
695,3,3,0.3449322,Resnet50
696,3,3,0.3417031,Alexnet
697,3,3,0.33614573,VGG16
698,3,3,0.34336746,Resnet50
699,3,3,0.3427734,Alexnet
700,3,3,0.33764043,VGG16
701,3,3,0.3453719,Resnet50
702,3,3,0.34346586,Alexnet
703,3,3,0.3387497,VGG16
704,3,3,0.3434432,Resnet50
705,3,3,0.3456724,Alexnet
706,3,3,0.3385475,VGG16
707,3,3,0.3422501,Resnet50
708,3,3,0.34247795,Alexnet
709,3,3,0.33758008,VGG16
710,3,3,0.3436209,Resnet50
711,3,3,0.34402683,Alexnet
712,3,3,0.33674976,VGG16
713,3,3,0.34350136,Resnet50
714,3,3,0.3432125,Alexnet
715,3,3,0.3374943,VGG16
716,3,3,0.34494203,Resnet50
717,3,3,0.34290713,Alexnet
718,3,3,0.33687273,VGG16
719,3,3,0.34500605,Resnet50
720,3,4,0.35750616,Alexnet
721,3,4,0.35074264,VGG16
722,3,4,0.356031,Resnet50
723,3,4,0.3501554,Alexnet
724,3,4,0.34237128,VGG16
725,3,4,0.347133,Resnet50
726,3,4,0.35792395,Alexnet
727,3,4,0.35322204,VGG16
728,3,4,0.36011362,Resnet50
729,3,4,0.3598524,Alexnet
730,3,4,0.3430589,VGG16
731,3,4,0.35769573,Resnet50
732,3,4,0.34795833,Alexnet
733,3,4,0.339906,VGG16
734,3,4,0.3447377,Resnet50
735,3,4,0.35821742,Alexnet
736,3,4,0.34987906,VGG16
737,3,4,0.36488137,Resnet50
738,3,4,0.357773,Alexnet
739,3,4,0.34879252,VGG16
740,3,4,0.36584452,Resnet50
741,3,4,0.34961352,Alexnet
742,3,4,0.34207106,VGG16
743,3,4,0.34885517,Resnet50
744,3,4,0.34903124,Alexnet
745,3,4,0.34011927,VGG16
746,3,4,0.3515714,Resnet50
747,3,4,0.35566217,Alexnet
748,3,4,0.35340214,VGG16
749,3,4,0.36385345,Resnet50
750,3,5,0.33597547,Alexnet
751,3,5,0.33241817,VGG16
752,3,5,0.33008388,Resnet50
753,3,5,0.3405349,Alexnet
754,3,5,0.33244294,VGG16
755,3,5,0.33564606,Resnet50
756,3,5,0.33809522,Alexnet
757,3,5,0.3301704,VGG16
758,3,5,0.33039567,Resnet50
759,3,5,0.33788633,Alexnet
760,3,5,0.3347963,VGG16
761,3,5,0.3350684,Resnet50
762,3,5,0.34773776,Alexnet
763,3,5,0.3372747,VGG16
764,3,5,0.34921703,Resnet50
765,3,5,0.3464968,Alexnet
766,3,5,0.33614916,VGG16
767,3,5,0.3492633,Resnet50
768,3,5,0.34425768,Alexnet
769,3,5,0.3338708,VGG16
770,3,5,0.3492677,Resnet50
771,3,5,0.3512398,Alexnet
772,3,5,0.33915547,VGG16
773,3,5,0.3530982,Resnet50
774,3,5,0.3516004,Alexnet
775,3,5,0.33835363,VGG16
776,3,5,0.35586423,Resnet50
777,3,5,0.35540003,Alexnet
778,3,5,0.34102878,VGG16
779,3,5,0.35384688,Resnet50
780,3,6,0.36031985,Alexnet
781,3,6,0.35292816,VGG16
782,3,6,0.36215207,Resnet50
783,3,6,0.36387202,Alexnet
784,3,6,0.35645905,VGG16
785,3,6,0.36739415,Resnet50
786,3,6,0.36323005,Alexnet
787,3,6,0.35247448,VGG16
788,3,6,0.35889593,Resnet50
789,3,6,0.3731435,Alexnet
790,3,6,0.35491404,VGG16
791,3,6,0.36741537,Resnet50
792,3,6,0.360645,Alexnet
793,3,6,0.35747364,VGG16
794,3,6,0.3601977,Resnet50
795,3,6,0.36328197,Alexnet
796,3,6,0.35972202,VGG16
797,3,6,0.3615,Resnet50
798,3,6,0.36329728,Alexnet
799,3,6,0.36272132,VGG16
800,3,6,0.35897464,Resnet50
801,3,6,0.3628987,Alexnet
802,3,6,0.3544316,VGG16
803,3,6,0.35876825,Resnet50
804,3,6,0.36614883,Alexnet
805,3,6,0.36004266,VGG16
806,3,6,0.36188906,Resnet50
807,3,6,0.36971897,Alexnet
808,3,6,0.3631373,VGG16
809,3,6,0.36203378,Resnet50
810,3,7,0.34536356,Alexnet
811,3,7,0.33569095,VGG16
812,3,7,0.3396627,Resnet50
813,3,7,0.34796345,Alexnet
814,3,7,0.335475,VGG16
815,3,7,0.34186977,Resnet50
816,3,7,0.34329018,Alexnet
817,3,7,0.3345026,VGG16
818,3,7,0.3416531,Resnet50
819,3,7,0.3460214,Alexnet
820,3,7,0.33536124,VGG16
821,3,7,0.34196785,Resnet50
822,3,7,0.3461844,Alexnet
823,3,7,0.33735314,VGG16
824,3,7,0.34231225,Resnet50
825,3,7,0.34489888,Alexnet
826,3,7,0.33511028,VGG16
827,3,7,0.33871377,Resnet50
828,3,7,0.3465613,Alexnet
829,3,7,0.33697775,VGG16
830,3,7,0.3453569,Resnet50
831,3,7,0.3450818,Alexnet
832,3,7,0.336172,VGG16
833,3,7,0.34192988,Resnet50
834,3,7,0.34524617,Alexnet
835,3,7,0.33614984,VGG16
836,3,7,0.34403193,Resnet50
837,3,7,0.34427258,Alexnet
838,3,7,0.33526665,VGG16
839,3,7,0.34204626,Resnet50
840,3,8,0.35019848,Alexnet
841,3,8,0.3370683,VGG16
842,3,8,0.34717327,Resnet50
843,3,8,0.34007928,Alexnet
844,3,8,0.33429247,VGG16
845,3,8,0.34154207,Resnet50
846,3,8,0.3444313,Alexnet
847,3,8,0.33224002,VGG16
848,3,8,0.34213153,Resnet50
849,3,8,0.34422597,Alexnet
850,3,8,0.33403766,VGG16
851,3,8,0.34367055,Resnet50
852,3,8,0.34589428,Alexnet
853,3,8,0.33735058,VGG16
854,3,8,0.3409423,Resnet50
855,3,8,0.35087222,Alexnet
856,3,8,0.33832243,VGG16
857,3,8,0.3446867,Resnet50
858,3,8,0.34955236,Alexnet
859,3,8,0.3401109,VGG16
860,3,8,0.34354967,Resnet50
861,3,8,0.3515713,Alexnet
862,3,8,0.33872297,VGG16
863,3,8,0.34970695,Resnet50
864,3,8,0.3514381,Alexnet
865,3,8,0.340059,VGG16
866,3,8,0.3487508,Resnet50
867,3,8,0.35220283,Alexnet
868,3,8,0.34280688,VGG16
869,3,8,0.34830162,Resnet50
870,3,9,0.34607235,Alexnet
871,3,9,0.35236487,VGG16
872,3,9,0.35463881,Resnet50
873,3,9,0.33959937,Alexnet
874,3,9,0.33707553,VGG16
875,3,9,0.34360793,Resnet50
876,3,9,0.34339887,Alexnet
877,3,9,0.34913227,VGG16
878,3,9,0.34789154,Resnet50
879,3,9,0.3353502,Alexnet
880,3,9,0.33699557,VGG16
881,3,9,0.33507168,Resnet50
882,3,9,0.3397106,Alexnet
883,3,9,0.3370894,VGG16
884,3,9,0.34442937,Resnet50
885,3,9,0.34225023,Alexnet
886,3,9,0.35014442,VGG16
887,3,9,0.35327297,Resnet50
888,3,9,0.33726057,Alexnet
889,3,9,0.33897254,VGG16
890,3,9,0.33138314,Resnet50
891,3,9,0.34024212,Alexnet
892,3,9,0.33725855,VGG16
893,3,9,0.3442993,Resnet50
894,3,9,0.33889827,Alexnet
895,3,9,0.3388013,VGG16
896,3,9,0.34043851,Resnet50
897,3,9,0.33763638,Alexnet
898,3,9,0.34034044,VGG16
899,3,9,0.33727035,Resnet50
900,3,10,0.34983402,Alexnet
901,3,10,0.34415856,VGG16
902,3,10,0.3547758,Resnet50
903,3,10,0.3498196,Alexnet
904,3,10,0.34744287,VGG16
905,3,10,0.35594863,Resnet50
906,3,10,0.34308708,Alexnet
907,3,10,0.34220794,VGG16
908,3,10,0.34058866,Resnet50
909,3,10,0.35322565,Alexnet
910,3,10,0.34632713,VGG16
911,3,10,0.35851872,Resnet50
912,3,10,0.35051262,Alexnet
913,3,10,0.34577513,VGG16
914,3,10,0.3611038,Resnet50
915,3,10,0.3438025,Alexnet
916,3,10,0.3435281,VGG16
917,3,10,0.3444336,Resnet50
918,3,10,0.35158384,Alexnet
919,3,10,0.34641802,VGG16
920,3,10,0.36051983,Resnet50
921,3,10,0.3451917,Alexnet
922,3,10,0.34335303,VGG16
923,3,10,0.34104756,Resnet50
924,3,10,0.35113946,Alexnet
925,3,10,0.35026342,VGG16
926,3,10,0.3591802,Resnet50
927,3,10,0.3454216,Alexnet
928,3,10,0.34310293,VGG16
929,3,10,0.34277764,Resnet50
930,3,11,0.35040396,Alexnet
931,3,11,0.33939263,VGG16
932,3,11,0.3434644,Resnet50
933,3,11,0.35339737,Alexnet
934,3,11,0.3413812,VGG16
935,3,11,0.3456173,Resnet50
936,3,11,0.349868,Alexnet
937,3,11,0.33876958,VGG16
938,3,11,0.33628544,Resnet50
939,3,11,0.35117128,Alexnet
940,3,11,0.3415977,VGG16
941,3,11,0.3488712,Resnet50
942,3,11,0.35449067,Alexnet
943,3,11,0.34193426,VGG16
944,3,11,0.34948274,Resnet50
945,3,11,0.35214233,Alexnet
946,3,11,0.3387976,VGG16
947,3,11,0.34150302,Resnet50
948,3,11,0.35208115,Alexnet
949,3,11,0.34212154,VGG16
950,3,11,0.3463822,Resnet50
951,3,11,0.3514787,Alexnet
952,3,11,0.339528,VGG16
953,3,11,0.34489393,Resnet50
954,3,11,0.35536945,Alexnet
955,3,11,0.34107408,VGG16
956,3,11,0.35328114,Resnet50
957,3,11,0.34517488,Alexnet
958,3,11,0.33891103,VGG16
959,3,11,0.3386869,Resnet50
960,3,12,0.33819354,Alexnet
961,3,12,0.33093813,VGG16
962,3,12,0.3226097,Resnet50
963,3,12,0.3376542,Alexnet
964,3,12,0.33371228,VGG16
965,3,12,0.33538404,Resnet50
966,3,12,0.3376538,Alexnet
967,3,12,0.33153465,VGG16
968,3,12,0.33129454,Resnet50
969,3,12,0.34217632,Alexnet
970,3,12,0.33460695,VGG16
971,3,12,0.34063324,Resnet50
972,3,12,0.34952602,Alexnet
973,3,12,0.33292237,VGG16
974,3,12,0.3477058,Resnet50
975,3,12,0.35281783,Alexnet
976,3,12,0.33847496,VGG16
977,3,12,0.34831086,Resnet50
978,3,12,0.3437319,Alexnet
979,3,12,0.33345044,VGG16
980,3,12,0.33757737,Resnet50
981,3,12,0.35012984,Alexnet
982,3,12,0.33512563,VGG16
983,3,12,0.3485513,Resnet50
984,3,12,0.3404971,Alexnet
985,3,12,0.33451608,VGG16
986,3,12,0.34294966,Resnet50
987,3,12,0.3410942,Alexnet
988,3,12,0.33466572,VGG16
989,3,12,0.3395592,Resnet50
990,3,13,0.34580687,Alexnet
991,3,13,0.3334067,VGG16
992,3,13,0.34460932,Resnet50
993,3,13,0.35139588,Alexnet
994,3,13,0.33814073,VGG16
995,3,13,0.35062242,Resnet50
996,3,13,0.34415945,Alexnet
997,3,13,0.33646342,VGG16
998,3,13,0.3481964,Resnet50
999,3,13,0.3442687,Alexnet
1000,3,13,0.33651224,VGG16
1001,3,13,0.34571782,Resnet50
1002,3,13,0.34851298,Alexnet
1003,3,13,0.33632165,VGG16
1004,3,13,0.34968978,Resnet50
1005,3,13,0.34399658,Alexnet
1006,3,13,0.33049533,VGG16
1007,3,13,0.34659478,Resnet50
1008,3,13,0.34483704,Alexnet
1009,3,13,0.3327827,VGG16
1010,3,13,0.34411317,Resnet50
1011,3,13,0.34517798,Alexnet
1012,3,13,0.34118104,VGG16
1013,3,13,0.34894243,Resnet50
1014,3,13,0.34485868,Alexnet
1015,3,13,0.3411346,VGG16
1016,3,13,0.34796736,Resnet50
1017,3,13,0.34457502,Alexnet
1018,3,13,0.34142902,VGG16
1019,3,13,0.3498731,Resnet50
1020,3,14,0.33053854,Alexnet
1021,3,14,0.32893693,VGG16
1022,3,14,0.32871905,Resnet50
1023,3,14,0.34928125,Alexnet
1024,3,14,0.3412921,VGG16
1025,3,14,0.35693562,Resnet50
1026,3,14,0.3411385,Alexnet
1027,3,14,0.33174315,VGG16
1028,3,14,0.34030354,Resnet50
1029,3,14,0.33491728,Alexnet
1030,3,14,0.3279205,VGG16
1031,3,14,0.3380387,Resnet50
1032,3,14,0.33288997,Alexnet
1033,3,14,0.33094198,VGG16
1034,3,14,0.33283755,Resnet50
1035,3,14,0.3346459,Alexnet
1036,3,14,0.3332288,VGG16
1037,3,14,0.3415174,Resnet50
1038,3,14,0.33410612,Alexnet
1039,3,14,0.33312058,VGG16
1040,3,14,0.3409469,Resnet50
1041,3,14,0.33991188,Alexnet
1042,3,14,0.33197692,VGG16
1043,3,14,0.34204042,Resnet50
1044,3,14,0.33495924,Alexnet
1045,3,14,0.32957837,VGG16
1046,3,14,0.3391535,Resnet50
1047,3,14,0.3366661,Alexnet
1048,3,14,0.33368808,VGG16
1049,3,14,0.34408823,Resnet50
1050,3,15,0.35617632,Alexnet
1051,3,15,0.34183004,VGG16
1052,3,15,0.35339338,Resnet50
1053,3,15,0.35874075,Alexnet
1054,3,15,0.33946928,VGG16
1055,3,15,0.3539909,Resnet50
1056,3,15,0.35723528,Alexnet
1057,3,15,0.33986047,VGG16
1058,3,15,0.35703295,Resnet50
1059,3,15,0.35690883,Alexnet
1060,3,15,0.34346047,VGG16
1061,3,15,0.3543419,Resnet50
1062,3,15,0.36496612,Alexnet
1063,3,15,0.3455228,VGG16
1064,3,15,0.35285735,Resnet50
1065,3,15,0.36387572,Alexnet
1066,3,15,0.34595612,VGG16
1067,3,15,0.35048145,Resnet50
1068,3,15,0.36328837,Alexnet
1069,3,15,0.3466417,VGG16
1070,3,15,0.35689512,Resnet50
1071,3,15,0.36907262,Alexnet
1072,3,15,0.35160238,VGG16
1073,3,15,0.3699715,Resnet50
1074,3,15,0.36153847,Alexnet
1075,3,15,0.34608737,VGG16
1076,3,15,0.3631864,Resnet50
1077,3,15,0.3626962,Alexnet
1078,3,15,0.345501,VGG16
1079,3,15,0.36910215,Resnet50
1080,3,16,0.34719512,Alexnet
1081,3,16,0.342753,VGG16
1082,3,16,0.3529739,Resnet50
1083,3,16,0.3462319,Alexnet
1084,3,16,0.34122953,VGG16
1085,3,16,0.34698844,Resnet50
1086,3,16,0.34448615,Alexnet
1087,3,16,0.34139693,VGG16
1088,3,16,0.3489611,Resnet50
1089,3,16,0.34452048,Alexnet
1090,3,16,0.3392892,VGG16
1091,3,16,0.34937194,Resnet50
1092,3,16,0.34527332,Alexnet
1093,3,16,0.34028915,VGG16
1094,3,16,0.34189275,Resnet50
1095,3,16,0.34379062,Alexnet
1096,3,16,0.3398038,VGG16
1097,3,16,0.34660017,Resnet50
1098,3,16,0.34414023,Alexnet
1099,3,16,0.33540303,VGG16
1100,3,16,0.3496599,Resnet50
1101,3,16,0.34570283,Alexnet
1102,3,16,0.34065968,VGG16
1103,3,16,0.34492654,Resnet50
1104,3,16,0.34724796,Alexnet
1105,3,16,0.33922368,VGG16
1106,3,16,0.34507984,Resnet50
1107,3,16,0.34379807,Alexnet
1108,3,16,0.33824146,VGG16
1109,3,16,0.34943768,Resnet50
1110,3,17,0.35237995,Alexnet
1111,3,17,0.34046662,VGG16
1112,3,17,0.34447545,Resnet50
1113,3,17,0.35444227,Alexnet
1114,3,17,0.3445411,VGG16
1115,3,17,0.35133472,Resnet50
1116,3,17,0.34263626,Alexnet
1117,3,17,0.33589655,VGG16
1118,3,17,0.33234942,Resnet50
1119,3,17,0.3489656,Alexnet
1120,3,17,0.34138885,VGG16
1121,3,17,0.3485027,Resnet50
1122,3,17,0.3516536,Alexnet
1123,3,17,0.34352905,VGG16
1124,3,17,0.33973765,Resnet50
1125,3,17,0.34431437,Alexnet
1126,3,17,0.33875287,VGG16
1127,3,17,0.34131935,Resnet50
1128,3,17,0.3505995,Alexnet
1129,3,17,0.34128606,VGG16
1130,3,17,0.34770283,Resnet50
1131,3,17,0.34413713,Alexnet
1132,3,17,0.33663523,VGG16
1133,3,17,0.33302575,Resnet50
1134,3,17,0.3489616,Alexnet
1135,3,17,0.34443608,VGG16
1136,3,17,0.34618962,Resnet50
1137,3,17,0.3453607,Alexnet
1138,3,17,0.33592227,VGG16
1139,3,17,0.33882776,Resnet50
1140,3,18,0.34364653,Alexnet
1141,3,18,0.3306745,VGG16
1142,3,18,0.32997307,Resnet50
1143,3,18,0.3483063,Alexnet
1144,3,18,0.34161383,VGG16
1145,3,18,0.34307757,Resnet50
1146,3,18,0.34884235,Alexnet
1147,3,18,0.33880934,VGG16
1148,3,18,0.35218108,Resnet50
1149,3,18,0.3525659,Alexnet
1150,3,18,0.34528238,VGG16
1151,3,18,0.35426936,Resnet50
1152,3,18,0.3438001,Alexnet
1153,3,18,0.33500051,VGG16
1154,3,18,0.33720875,Resnet50
1155,3,18,0.34322664,Alexnet
1156,3,18,0.3335039,VGG16
1157,3,18,0.33639216,Resnet50
1158,3,18,0.34164172,Alexnet
1159,3,18,0.33651328,VGG16
1160,3,18,0.33643803,Resnet50
1161,3,18,0.34835777,Alexnet
1162,3,18,0.33843473,VGG16
1163,3,18,0.3456202,Resnet50
1164,3,18,0.34635597,Alexnet
1165,3,18,0.34408715,VGG16
1166,3,18,0.34735337,Resnet50
1167,3,18,0.34770316,Alexnet
1168,3,18,0.33941102,VGG16
1169,3,18,0.35391027,Resnet50
1170,3,19,0.33865994,Alexnet
1171,3,19,0.33296868,VGG16
1172,3,19,0.34788978,Resnet50
1173,3,19,0.33848226,Alexnet
1174,3,19,0.3345342,VGG16
1175,3,19,0.34684813,Resnet50
1176,3,19,0.3393579,Alexnet
1177,3,19,0.33505228,VGG16
1178,3,19,0.34409088,Resnet50
1179,3,19,0.3383239,Alexnet
1180,3,19,0.33521003,VGG16
1181,3,19,0.34777257,Resnet50
1182,3,19,0.33824512,Alexnet
1183,3,19,0.3363704,VGG16
1184,3,19,0.34647977,Resnet50
1185,3,19,0.3429804,Alexnet
1186,3,19,0.33615232,VGG16
1187,3,19,0.34799814,Resnet50
1188,3,19,0.33946067,Alexnet
1189,3,19,0.33500066,VGG16
1190,3,19,0.3467854,Resnet50
1191,3,19,0.3384318,Alexnet
1192,3,19,0.3351538,VGG16
1193,3,19,0.3450311,Resnet50
1194,3,19,0.33894593,Alexnet
1195,3,19,0.33583552,VGG16
1196,3,19,0.34700996,Resnet50
1197,3,19,0.33983344,Alexnet
1198,3,19,0.33526167,VGG16
1199,3,19,0.34543326,Resnet50
1200,2,0,0.35772127,Alexnet
1201,2,0,0.35351565,VGG16
1202,2,0,0.3442904,Resnet50
1203,2,0,0.34904385,Alexnet
1204,2,0,0.33977848,VGG16
1205,2,0,0.33971727,Resnet50
1206,2,0,0.34677577,Alexnet
1207,2,0,0.34133774,VGG16
1208,2,0,0.342856,Resnet50
1209,2,0,0.3550398,Alexnet
1210,2,0,0.346598,VGG16
1211,2,0,0.34932616,Resnet50
1212,2,0,0.34411886,Alexnet
1213,2,0,0.33687368,VGG16
1214,2,0,0.33430532,Resnet50
1215,2,0,0.3425186,Alexnet
1216,2,0,0.3381697,VGG16
1217,2,0,0.34420282,Resnet50
1218,2,0,0.35129616,Alexnet
1219,2,0,0.34782314,VGG16
1220,2,0,0.3452997,Resnet50
1221,2,0,0.34573662,Alexnet
1222,2,0,0.33766568,VGG16
1223,2,0,0.34255898,Resnet50
1224,2,0,0.35145712,Alexnet
1225,2,0,0.34028298,VGG16
1226,2,0,0.3477146,Resnet50
1227,2,0,0.34745473,Alexnet
1228,2,0,0.33979803,VGG16
1229,2,0,0.34702605,Resnet50
1230,2,1,0.34531474,Alexnet
1231,2,1,0.3342425,VGG16
1232,2,1,0.33968318,Resnet50
1233,2,1,0.35338703,Alexnet
1234,2,1,0.3428308,VGG16
1235,2,1,0.3497326,Resnet50
1236,2,1,0.35309482,Alexnet
1237,2,1,0.3524767,VGG16
1238,2,1,0.35064268,Resnet50
1239,2,1,0.3562953,Alexnet
1240,2,1,0.34581172,VGG16
1241,2,1,0.34305894,Resnet50
1242,2,1,0.34678543,Alexnet
1243,2,1,0.33419615,VGG16
1244,2,1,0.33657166,Resnet50
1245,2,1,0.34274757,Alexnet
1246,2,1,0.33243704,VGG16
1247,2,1,0.33947042,Resnet50
1248,2,1,0.34428993,Alexnet
1249,2,1,0.33535796,VGG16
1250,2,1,0.33749923,Resnet50
1251,2,1,0.35229293,Alexnet
1252,2,1,0.34587207,VGG16
1253,2,1,0.352321,Resnet50
1254,2,1,0.35702482,Alexnet
1255,2,1,0.345722,VGG16
1256,2,1,0.35092157,Resnet50
1257,2,1,0.35388196,Alexnet
1258,2,1,0.34863064,VGG16
1259,2,1,0.34204262,Resnet50
1260,2,2,0.345539,Alexnet
1261,2,2,0.33236673,VGG16
1262,2,2,0.3408426,Resnet50
1263,2,2,0.34519514,Alexnet
1264,2,2,0.3369242,VGG16
1265,2,2,0.34203032,Resnet50
1266,2,2,0.34535688,Alexnet
1267,2,2,0.33387333,VGG16
1268,2,2,0.3443587,Resnet50
1269,2,2,0.3443337,Alexnet
1270,2,2,0.33331412,VGG16
1271,2,2,0.34580424,Resnet50
1272,2,2,0.34879208,Alexnet
1273,2,2,0.3391051,VGG16
1274,2,2,0.3578503,Resnet50
1275,2,2,0.3502021,Alexnet
1276,2,2,0.34334603,VGG16
1277,2,2,0.3589524,Resnet50
1278,2,2,0.34718272,Alexnet
1279,2,2,0.3504839,VGG16
1280,2,2,0.36048988,Resnet50
1281,2,2,0.34839207,Alexnet
1282,2,2,0.34030092,VGG16
1283,2,2,0.36249736,Resnet50
1284,2,2,0.34322098,Alexnet
1285,2,2,0.3420533,VGG16
1286,2,2,0.36431602,Resnet50
1287,2,2,0.3469983,Alexnet
1288,2,2,0.34670642,VGG16
1289,2,2,0.36700457,Resnet50
1290,2,3,0.34082162,Alexnet
1291,2,3,0.3349227,VGG16
1292,2,3,0.32856598,Resnet50
1293,2,3,0.34583053,Alexnet
1294,2,3,0.33838254,VGG16
1295,2,3,0.33815342,Resnet50
1296,2,3,0.3438565,Alexnet
1297,2,3,0.33733436,VGG16
1298,2,3,0.33608347,Resnet50
1299,2,3,0.3453671,Alexnet
1300,2,3,0.3386935,VGG16
1301,2,3,0.3405718,Resnet50
1302,2,3,0.362447,Alexnet
1303,2,3,0.34586582,VGG16
1304,2,3,0.35889077,Resnet50
1305,2,3,0.34841174,Alexnet
1306,2,3,0.33343494,VGG16
1307,2,3,0.3466901,Resnet50
1308,2,3,0.36459744,Alexnet
1309,2,3,0.33604312,VGG16
1310,2,3,0.34800062,Resnet50
1311,2,3,0.3494905,Alexnet
1312,2,3,0.3372981,VGG16
1313,2,3,0.34038985,Resnet50
1314,2,3,0.36042103,Alexnet
1315,2,3,0.3389692,VGG16
1316,2,3,0.34614104,Resnet50
1317,2,3,0.3498718,Alexnet
1318,2,3,0.3372062,VGG16
1319,2,3,0.34572306,Resnet50
1320,2,4,0.36884663,Alexnet
1321,2,4,0.35629773,VGG16
1322,2,4,0.36864185,Resnet50
1323,2,4,0.3584563,Alexnet
1324,2,4,0.3607663,VGG16
1325,2,4,0.3640956,Resnet50
1326,2,4,0.34968913,Alexnet
1327,2,4,0.34352547,VGG16
1328,2,4,0.34732604,Resnet50
1329,2,4,0.34513906,Alexnet
1330,2,4,0.3372944,VGG16
1331,2,4,0.33650362,Resnet50
1332,2,4,0.36402246,Alexnet
1333,2,4,0.35333583,VGG16
1334,2,4,0.3592954,Resnet50
1335,2,4,0.3502949,Alexnet
1336,2,4,0.3322111,VGG16
1337,2,4,0.3482909,Resnet50
1338,2,4,0.34342653,Alexnet
1339,2,4,0.32833648,VGG16
1340,2,4,0.33828303,Resnet50
1341,2,4,0.3551576,Alexnet
1342,2,4,0.34301227,VGG16
1343,2,4,0.3551969,Resnet50
1344,2,4,0.34898332,Alexnet
1345,2,4,0.3419142,VGG16
1346,2,4,0.34317985,Resnet50
1347,2,4,0.35358027,Alexnet
1348,2,4,0.3445016,VGG16
1349,2,4,0.3493827,Resnet50
1350,2,5,0.34038535,Alexnet
1351,2,5,0.33457342,VGG16
1352,2,5,0.33845493,Resnet50
1353,2,5,0.34200498,Alexnet
1354,2,5,0.3327855,VGG16
1355,2,5,0.3414437,Resnet50
1356,2,5,0.34007147,Alexnet
1357,2,5,0.33531797,VGG16
1358,2,5,0.3348806,Resnet50
1359,2,5,0.34370497,Alexnet
1360,2,5,0.3329339,VGG16
1361,2,5,0.34053287,Resnet50
1362,2,5,0.3454929,Alexnet
1363,2,5,0.33235562,VGG16
1364,2,5,0.34029958,Resnet50
1365,2,5,0.35025367,Alexnet
1366,2,5,0.3382647,VGG16
1367,2,5,0.3477205,Resnet50
1368,2,5,0.3467345,Alexnet
1369,2,5,0.33091897,VGG16
1370,2,5,0.33670363,Resnet50
1371,2,5,0.345686,Alexnet
1372,2,5,0.33427164,VGG16
1373,2,5,0.33927995,Resnet50
1374,2,5,0.35083362,Alexnet
1375,2,5,0.33602744,VGG16
1376,2,5,0.34256348,Resnet50
1377,2,5,0.34558445,Alexnet
1378,2,5,0.33098754,VGG16
1379,2,5,0.33797753,Resnet50
1380,2,6,0.3620643,Alexnet
1381,2,6,0.35354424,VGG16
1382,2,6,0.35288143,Resnet50
1383,2,6,0.36066246,Alexnet
1384,2,6,0.3528645,VGG16
1385,2,6,0.3574079,Resnet50
1386,2,6,0.36174482,Alexnet
1387,2,6,0.34962735,VGG16
1388,2,6,0.3543714,Resnet50
1389,2,6,0.3615768,Alexnet
1390,2,6,0.35395366,VGG16
1391,2,6,0.36027825,Resnet50
1392,2,6,0.37607273,Alexnet
1393,2,6,0.35884428,VGG16
1394,2,6,0.36371365,Resnet50
1395,2,6,0.37782514,Alexnet
1396,2,6,0.35421437,VGG16
1397,2,6,0.35561934,Resnet50
1398,2,6,0.36008126,Alexnet
1399,2,6,0.3550227,VGG16
1400,2,6,0.35519046,Resnet50
1401,2,6,0.3778448,Alexnet
1402,2,6,0.34895933,VGG16
1403,2,6,0.3611744,Resnet50
1404,2,6,0.35977995,Alexnet
1405,2,6,0.35623813,VGG16
1406,2,6,0.3594981,Resnet50
1407,2,6,0.3599523,Alexnet
1408,2,6,0.35187536,VGG16
1409,2,6,0.34666124,Resnet50
1410,2,7,0.35284412,Alexnet
1411,2,7,0.33547205,VGG16
1412,2,7,0.34532648,Resnet50
1413,2,7,0.35389045,Alexnet
1414,2,7,0.3384452,VGG16
1415,2,7,0.35430166,Resnet50
1416,2,7,0.35340744,Alexnet
1417,2,7,0.33771598,VGG16
1418,2,7,0.350702,Resnet50
1419,2,7,0.35058284,Alexnet
1420,2,7,0.33662286,VGG16
1421,2,7,0.34748325,Resnet50
1422,2,7,0.3518858,Alexnet
1423,2,7,0.334705,VGG16
1424,2,7,0.34882286,Resnet50
1425,2,7,0.3535635,Alexnet
1426,2,7,0.33364406,VGG16
1427,2,7,0.3463367,Resnet50
1428,2,7,0.3483571,Alexnet
1429,2,7,0.33665523,VGG16
1430,2,7,0.3448256,Resnet50
1431,2,7,0.35820082,Alexnet
1432,2,7,0.3387717,VGG16
1433,2,7,0.36331236,Resnet50
1434,2,7,0.3489967,Alexnet
1435,2,7,0.33501223,VGG16
1436,2,7,0.35224894,Resnet50
1437,2,7,0.34669575,Alexnet
1438,2,7,0.3346767,VGG16
1439,2,7,0.3526589,Resnet50
1440,2,8,0.35464546,Alexnet
1441,2,8,0.3377554,VGG16
1442,2,8,0.34254277,Resnet50
1443,2,8,0.35975465,Alexnet
1444,2,8,0.34188664,VGG16
1445,2,8,0.3527097,Resnet50
1446,2,8,0.35215026,Alexnet
1447,2,8,0.33612433,VGG16
1448,2,8,0.3484097,Resnet50
1449,2,8,0.36114728,Alexnet
1450,2,8,0.34483525,VGG16
1451,2,8,0.35204887,Resnet50
1452,2,8,0.35393846,Alexnet
1453,2,8,0.336706,VGG16
1454,2,8,0.34744653,Resnet50
1455,2,8,0.35498202,Alexnet
1456,2,8,0.34005797,VGG16
1457,2,8,0.3505711,Resnet50
1458,2,8,0.35581198,Alexnet
1459,2,8,0.34128073,VGG16
1460,2,8,0.34736574,Resnet50
1461,2,8,0.3510658,Alexnet
1462,2,8,0.3425346,VGG16
1463,2,8,0.35657513,Resnet50
1464,2,8,0.36313063,Alexnet
1465,2,8,0.34552026,VGG16
1466,2,8,0.36628577,Resnet50
1467,2,8,0.35295495,Alexnet
1468,2,8,0.34222165,VGG16
1469,2,8,0.35199445,Resnet50
1470,2,9,0.3458011,Alexnet
1471,2,9,0.34362102,VGG16
1472,2,9,0.3440835,Resnet50
1473,2,9,0.34603205,Alexnet
1474,2,9,0.3428633,VGG16
1475,2,9,0.342243,Resnet50
1476,2,9,0.34451327,Alexnet
1477,2,9,0.34341738,VGG16
1478,2,9,0.3441769,Resnet50
1479,2,9,0.34428197,Alexnet
1480,2,9,0.34623638,VGG16
1481,2,9,0.34260106,Resnet50
1482,2,9,0.34469143,Alexnet
1483,2,9,0.34210032,VGG16
1484,2,9,0.34299594,Resnet50
1485,2,9,0.34417033,Alexnet
1486,2,9,0.34302416,VGG16
1487,2,9,0.3423058,Resnet50
1488,2,9,0.3442244,Alexnet
1489,2,9,0.34669042,VGG16
1490,2,9,0.34479108,Resnet50
1491,2,9,0.34499186,Alexnet
1492,2,9,0.34391898,VGG16
1493,2,9,0.34719762,Resnet50
1494,2,9,0.34482008,Alexnet
1495,2,9,0.34738705,VGG16
1496,2,9,0.35513076,Resnet50
1497,2,9,0.34462726,Alexnet
1498,2,9,0.34667382,VGG16
1499,2,9,0.3480674,Resnet50
1500,2,10,0.35302627,Alexnet
1501,2,10,0.34026217,VGG16
1502,2,10,0.35846373,Resnet50
1503,2,10,0.35337085,Alexnet
1504,2,10,0.34230992,VGG16
1505,2,10,0.364122,Resnet50
1506,2,10,0.34909898,Alexnet
1507,2,10,0.34102046,VGG16
1508,2,10,0.35580212,Resnet50
1509,2,10,0.34873313,Alexnet
1510,2,10,0.34439802,VGG16
1511,2,10,0.3591104,Resnet50
1512,2,10,0.35196838,Alexnet
1513,2,10,0.3455518,VGG16
1514,2,10,0.3600223,Resnet50
1515,2,10,0.34974152,Alexnet
1516,2,10,0.3422309,VGG16
1517,2,10,0.35469654,Resnet50
1518,2,10,0.34875205,Alexnet
1519,2,10,0.3376086,VGG16
1520,2,10,0.35484436,Resnet50
1521,2,10,0.35100713,Alexnet
1522,2,10,0.33865574,VGG16
1523,2,10,0.35207474,Resnet50
1524,2,10,0.3468759,Alexnet
1525,2,10,0.3406722,VGG16
1526,2,10,0.35572153,Resnet50
1527,2,10,0.34714705,Alexnet
1528,2,10,0.33976513,VGG16
1529,2,10,0.3511764,Resnet50
1530,2,11,0.35497954,Alexnet
1531,2,11,0.345367,VGG16
1532,2,11,0.35249263,Resnet50
1533,2,11,0.35400885,Alexnet
1534,2,11,0.33849844,VGG16
1535,2,11,0.34779748,Resnet50
1536,2,11,0.35186014,Alexnet
1537,2,11,0.34548935,VGG16
1538,2,11,0.35185128,Resnet50
1539,2,11,0.35562003,Alexnet
1540,2,11,0.34298584,VGG16
1541,2,11,0.35838416,Resnet50
1542,2,11,0.348089,Alexnet
1543,2,11,0.33679056,VGG16
1544,2,11,0.34426114,Resnet50
1545,2,11,0.3511884,Alexnet
1546,2,11,0.34462076,VGG16
1547,2,11,0.34898898,Resnet50
1548,2,11,0.3545836,Alexnet
1549,2,11,0.34278738,VGG16
1550,2,11,0.34842882,Resnet50
1551,2,11,0.35120863,Alexnet
1552,2,11,0.33949515,VGG16
1553,2,11,0.3559238,Resnet50
1554,2,11,0.35309505,Alexnet
1555,2,11,0.3421526,VGG16
1556,2,11,0.3549611,Resnet50
1557,2,11,0.3572002,Alexnet
1558,2,11,0.348077,VGG16
1559,2,11,0.36154324,Resnet50
1560,2,12,0.34958568,Alexnet
1561,2,12,0.33634767,VGG16
1562,2,12,0.35433587,Resnet50
1563,2,12,0.34382102,Alexnet
1564,2,12,0.339464,VGG16
1565,2,12,0.35327768,Resnet50
1566,2,12,0.34583214,Alexnet
1567,2,12,0.33803564,VGG16
1568,2,12,0.35409206,Resnet50
1569,2,12,0.34352311,Alexnet
1570,2,12,0.33689377,VGG16
1571,2,12,0.35671562,Resnet50
1572,2,12,0.34819072,Alexnet
1573,2,12,0.33534712,VGG16
1574,2,12,0.35544336,Resnet50
1575,2,12,0.3478334,Alexnet
1576,2,12,0.3358872,VGG16
1577,2,12,0.3594804,Resnet50
1578,2,12,0.342809,Alexnet
1579,2,12,0.33309674,VGG16
1580,2,12,0.353311,Resnet50
1581,2,12,0.34740257,Alexnet
1582,2,12,0.33692062,VGG16
1583,2,12,0.36105734,Resnet50
1584,2,12,0.34406638,Alexnet
1585,2,12,0.33746085,VGG16
1586,2,12,0.35046545,Resnet50
1587,2,12,0.34480926,Alexnet
1588,2,12,0.33649635,VGG16
1589,2,12,0.35277832,Resnet50
1590,2,13,0.35479107,Alexnet
1591,2,13,0.3377843,VGG16
1592,2,13,0.36148152,Resnet50
1593,2,13,0.35790256,Alexnet
1594,2,13,0.34574547,VGG16
1595,2,13,0.36364737,Resnet50
1596,2,13,0.3479191,Alexnet
1597,2,13,0.3324013,VGG16
1598,2,13,0.35728887,Resnet50
1599,2,13,0.35692322,Alexnet
1600,2,13,0.34149292,VGG16
1601,2,13,0.3598255,Resnet50
1602,2,13,0.3588979,Alexnet
1603,2,13,0.34110337,VGG16
1604,2,13,0.3592408,Resnet50
1605,2,13,0.3517786,Alexnet
1606,2,13,0.33591273,VGG16
1607,2,13,0.34708843,Resnet50
1608,2,13,0.35944104,Alexnet
1609,2,13,0.34016773,VGG16
1610,2,13,0.35983565,Resnet50
1611,2,13,0.35303137,Alexnet
1612,2,13,0.33427835,VGG16
1613,2,13,0.34955215,Resnet50
1614,2,13,0.36127537,Alexnet
1615,2,13,0.3457002,VGG16
1616,2,13,0.36260882,Resnet50
1617,2,13,0.35421622,Alexnet
1618,2,13,0.33064282,VGG16
1619,2,13,0.34859645,Resnet50
1620,2,14,0.34208062,Alexnet
1621,2,14,0.338745,VGG16
1622,2,14,0.35022652,Resnet50
1623,2,14,0.34141237,Alexnet
1624,2,14,0.335996,VGG16
1625,2,14,0.34836006,Resnet50
1626,2,14,0.34189624,Alexnet
1627,2,14,0.33591616,VGG16
1628,2,14,0.352029,Resnet50
1629,2,14,0.3412184,Alexnet
1630,2,14,0.33300802,VGG16
1631,2,14,0.3499963,Resnet50
1632,2,14,0.34245473,Alexnet
1633,2,14,0.33649638,VGG16
1634,2,14,0.34431413,Resnet50
1635,2,14,0.34429845,Alexnet
1636,2,14,0.33656898,VGG16
1637,2,14,0.34622532,Resnet50
1638,2,14,0.3412589,Alexnet
1639,2,14,0.33479634,VGG16
1640,2,14,0.34343925,Resnet50
1641,2,14,0.3423177,Alexnet
1642,2,14,0.3343974,VGG16
1643,2,14,0.34224424,Resnet50
1644,2,14,0.3446938,Alexnet
1645,2,14,0.3359336,VGG16
1646,2,14,0.34608686,Resnet50
1647,2,14,0.34128636,Alexnet
1648,2,14,0.33521277,VGG16
1649,2,14,0.3480819,Resnet50
1650,2,15,0.35951826,Alexnet
1651,2,15,0.34464788,VGG16
1652,2,15,0.34765267,Resnet50
1653,2,15,0.37072805,Alexnet
1654,2,15,0.35265952,VGG16
1655,2,15,0.35742018,Resnet50
1656,2,15,0.37348682,Alexnet
1657,2,15,0.35249206,VGG16
1658,2,15,0.3709473,Resnet50
1659,2,15,0.37260216,Alexnet
1660,2,15,0.35484847,VGG16
1661,2,15,0.3612406,Resnet50
1662,2,15,0.361329,Alexnet
1663,2,15,0.34396404,VGG16
1664,2,15,0.35437143,Resnet50
1665,2,15,0.36078563,Alexnet
1666,2,15,0.3438663,VGG16
1667,2,15,0.34968337,Resnet50
1668,2,15,0.3600177,Alexnet
1669,2,15,0.34352663,VGG16
1670,2,15,0.35158092,Resnet50
1671,2,15,0.36922777,Alexnet
1672,2,15,0.35035494,VGG16
1673,2,15,0.36485404,Resnet50
1674,2,15,0.3699796,Alexnet
1675,2,15,0.35084447,VGG16
1676,2,15,0.3642282,Resnet50
1677,2,15,0.36928397,Alexnet
1678,2,15,0.35035798,VGG16
1679,2,15,0.3712727,Resnet50
1680,2,16,0.3407325,Alexnet
1681,2,16,0.3366361,VGG16
1682,2,16,0.34297955,Resnet50
1683,2,16,0.33994716,Alexnet
1684,2,16,0.33598566,VGG16
1685,2,16,0.34257764,Resnet50
1686,2,16,0.34187356,Alexnet
1687,2,16,0.33414847,VGG16
1688,2,16,0.3471876,Resnet50
1689,2,16,0.34055772,Alexnet
1690,2,16,0.33789635,VGG16
1691,2,16,0.3467041,Resnet50
1692,2,16,0.34947607,Alexnet
1693,2,16,0.33858836,VGG16
1694,2,16,0.36516136,Resnet50
1695,2,16,0.3478423,Alexnet
1696,2,16,0.33859244,VGG16
1697,2,16,0.35230768,Resnet50
1698,2,16,0.35107282,Alexnet
1699,2,16,0.33824098,VGG16
1700,2,16,0.36289898,Resnet50
1701,2,16,0.34724334,Alexnet
1702,2,16,0.33918908,VGG16
1703,2,16,0.3486124,Resnet50
1704,2,16,0.34979877,Alexnet
1705,2,16,0.3392431,VGG16
1706,2,16,0.35479465,Resnet50
1707,2,16,0.34868994,Alexnet
1708,2,16,0.33844864,VGG16
1709,2,16,0.35561073,Resnet50
1710,2,17,0.34960994,Alexnet
1711,2,17,0.33972254,VGG16
1712,2,17,0.35020363,Resnet50
1713,2,17,0.35068324,Alexnet
1714,2,17,0.34184352,VGG16
1715,2,17,0.3486631,Resnet50
1716,2,17,0.3474426,Alexnet
1717,2,17,0.33838993,VGG16
1718,2,17,0.3486798,Resnet50
1719,2,17,0.35299292,Alexnet
1720,2,17,0.34320378,VGG16
1721,2,17,0.35329404,Resnet50
1722,2,17,0.35342464,Alexnet
1723,2,17,0.34060648,VGG16
1724,2,17,0.3515398,Resnet50
1725,2,17,0.35139444,Alexnet
1726,2,17,0.33924216,VGG16
1727,2,17,0.35316452,Resnet50
1728,2,17,0.3546116,Alexnet
1729,2,17,0.3413953,VGG16
1730,2,17,0.35416695,Resnet50
1731,2,17,0.35166565,Alexnet
1732,2,17,0.3372752,VGG16
1733,2,17,0.3447744,Resnet50
1734,2,17,0.35078958,Alexnet
1735,2,17,0.34101126,VGG16
1736,2,17,0.3469345,Resnet50
1737,2,17,0.35148415,Alexnet
1738,2,17,0.33995995,VGG16
1739,2,17,0.35056096,Resnet50
1740,2,18,0.3542528,Alexnet
1741,2,18,0.3396639,VGG16
1742,2,18,0.3405828,Resnet50
1743,2,18,0.3594887,Alexnet
1744,2,18,0.34106505,VGG16
1745,2,18,0.33949322,Resnet50
1746,2,18,0.36085024,Alexnet
1747,2,18,0.33796838,VGG16
1748,2,18,0.34190536,Resnet50
1749,2,18,0.36002153,Alexnet
1750,2,18,0.34256327,VGG16
1751,2,18,0.34201768,Resnet50
1752,2,18,0.3590748,Alexnet
1753,2,18,0.3399981,VGG16
1754,2,18,0.36138272,Resnet50
1755,2,18,0.35698193,Alexnet
1756,2,18,0.3369791,VGG16
1757,2,18,0.3502601,Resnet50
1758,2,18,0.35534242,Alexnet
1759,2,18,0.33944297,VGG16
1760,2,18,0.35138917,Resnet50
1761,2,18,0.36211294,Alexnet
1762,2,18,0.33481973,VGG16
1763,2,18,0.3489234,Resnet50
1764,2,18,0.35765913,Alexnet
1765,2,18,0.34076175,VGG16
1766,2,18,0.35009116,Resnet50
1767,2,18,0.3601951,Alexnet
1768,2,18,0.33765984,VGG16
1769,2,18,0.346878,Resnet50
1770,2,19,0.35287583,Alexnet
1771,2,19,0.33762342,VGG16
1772,2,19,0.36693698,Resnet50
1773,2,19,0.3448516,Alexnet
1774,2,19,0.3375701,VGG16
1775,2,19,0.37068212,Resnet50
1776,2,19,0.3527913,Alexnet
1777,2,19,0.34014454,VGG16
1778,2,19,0.35921696,Resnet50
1779,2,19,0.35120285,Alexnet
1780,2,19,0.33864594,VGG16
1781,2,19,0.36259037,Resnet50
1782,2,19,0.35137376,Alexnet
1783,2,19,0.34199244,VGG16
1784,2,19,0.37297308,Resnet50
1785,2,19,0.34975132,Alexnet
1786,2,19,0.33913493,VGG16
1787,2,19,0.35593668,Resnet50
1788,2,19,0.35449642,Alexnet
1789,2,19,0.33960074,VGG16
1790,2,19,0.37045053,Resnet50
1791,2,19,0.3445687,Alexnet
1792,2,19,0.34020755,VGG16
1793,2,19,0.35725936,Resnet50
1794,2,19,0.34941304,Alexnet
1795,2,19,0.3422636,VGG16
1796,2,19,0.36629355,Resnet50
1797,2,19,0.348904,Alexnet
1798,2,19,0.33850056,VGG16
1799,2,19,0.3613209,Resnet50
1800,1,0,0.34757122,Alexnet
1801,1,0,0.3437509,VGG16
1802,1,0,0.35280278,Resnet50
1803,1,0,0.3524264,Alexnet
1804,1,0,0.3419064,VGG16
1805,1,0,0.35639393,Resnet50
1806,1,0,0.3449984,Alexnet
1807,1,0,0.3446631,VGG16
1808,1,0,0.34408623,Resnet50
1809,1,0,0.34362483,Alexnet
1810,1,0,0.34618586,VGG16
1811,1,0,0.35713857,Resnet50
1812,1,0,0.35151243,Alexnet
1813,1,0,0.3424985,VGG16
1814,1,0,0.355223,Resnet50
1815,1,0,0.35005343,Alexnet
1816,1,0,0.34364635,VGG16
1817,1,0,0.34075472,Resnet50
1818,1,0,0.3496948,Alexnet
1819,1,0,0.34341815,VGG16
1820,1,0,0.35252318,Resnet50
1821,1,0,0.35054755,Alexnet
1822,1,0,0.3415313,VGG16
1823,1,0,0.33565697,Resnet50
1824,1,0,0.35494146,Alexnet
1825,1,0,0.34585837,VGG16
1826,1,0,0.35778046,Resnet50
1827,1,0,0.35233274,Alexnet
1828,1,0,0.34707603,VGG16
1829,1,0,0.34689924,Resnet50
1830,1,1,0.35366014,Alexnet
1831,1,1,0.34021103,VGG16
1832,1,1,0.35899606,Resnet50
1833,1,1,0.35427487,Alexnet
1834,1,1,0.34088016,VGG16
1835,1,1,0.3597176,Resnet50
1836,1,1,0.35254326,Alexnet
1837,1,1,0.34546724,VGG16
1838,1,1,0.342542,Resnet50
1839,1,1,0.34830457,Alexnet
1840,1,1,0.34340504,VGG16
1841,1,1,0.3614202,Resnet50
1842,1,1,0.3595105,Alexnet
1843,1,1,0.34146896,VGG16
1844,1,1,0.36126426,Resnet50
1845,1,1,0.3536721,Alexnet
1846,1,1,0.34175733,VGG16
1847,1,1,0.34004846,Resnet50
1848,1,1,0.35590836,Alexnet
1849,1,1,0.34670794,VGG16
1850,1,1,0.3619157,Resnet50
1851,1,1,0.352971,Alexnet
1852,1,1,0.34137473,VGG16
1853,1,1,0.33753306,Resnet50
1854,1,1,0.3530071,Alexnet
1855,1,1,0.34225276,VGG16
1856,1,1,0.35772902,Resnet50
1857,1,1,0.34769168,Alexnet
1858,1,1,0.34050116,VGG16
1859,1,1,0.3407629,Resnet50
1860,1,2,0.340766,Alexnet
1861,1,2,0.34056267,VGG16
1862,1,2,0.34937122,Resnet50
1863,1,2,0.34509334,Alexnet
1864,1,2,0.3431273,VGG16
1865,1,2,0.35527742,Resnet50
1866,1,2,0.3414958,Alexnet
1867,1,2,0.34013182,VGG16
1868,1,2,0.34963396,Resnet50
1869,1,2,0.34608322,Alexnet
1870,1,2,0.3387626,VGG16
1871,1,2,0.35504243,Resnet50
1872,1,2,0.34137395,Alexnet
1873,1,2,0.33994505,VGG16
1874,1,2,0.34741634,Resnet50
1875,1,2,0.33795264,Alexnet
1876,1,2,0.33981338,VGG16
1877,1,2,0.33869675,Resnet50
1878,1,2,0.34040567,Alexnet
1879,1,2,0.3346593,VGG16
1880,1,2,0.34675786,Resnet50
1881,1,2,0.33983582,Alexnet
1882,1,2,0.33789966,VGG16
1883,1,2,0.35105056,Resnet50
1884,1,2,0.33967084,Alexnet
1885,1,2,0.3412319,VGG16
1886,1,2,0.35040754,Resnet50
1887,1,2,0.3403059,Alexnet
1888,1,2,0.33381796,VGG16
1889,1,2,0.3480034,Resnet50
1890,1,3,0.35407048,Alexnet
1891,1,3,0.3434337,VGG16
1892,1,3,0.34839907,Resnet50
1893,1,3,0.353082,Alexnet
1894,1,3,0.34274876,VGG16
1895,1,3,0.35405862,Resnet50
1896,1,3,0.357385,Alexnet
1897,1,3,0.34278643,VGG16
1898,1,3,0.34925425,Resnet50
1899,1,3,0.35596934,Alexnet
1900,1,3,0.33800253,VGG16
1901,1,3,0.34599686,Resnet50
1902,1,3,0.3496294,Alexnet
1903,1,3,0.3408463,VGG16
1904,1,3,0.3533597,Resnet50
1905,1,3,0.35066876,Alexnet
1906,1,3,0.34040064,VGG16
1907,1,3,0.34839275,Resnet50
1908,1,3,0.35211718,Alexnet
1909,1,3,0.3376754,VGG16
1910,1,3,0.34836632,Resnet50
1911,1,3,0.3487844,Alexnet
1912,1,3,0.3410438,VGG16
1913,1,3,0.34864432,Resnet50
1914,1,3,0.34768623,Alexnet
1915,1,3,0.34397653,VGG16
1916,1,3,0.3486748,Resnet50
1917,1,3,0.35449603,Alexnet
1918,1,3,0.33888707,VGG16
1919,1,3,0.34862697,Resnet50
1920,1,4,0.36394745,Alexnet
1921,1,4,0.34306383,VGG16
1922,1,4,0.35698986,Resnet50
1923,1,4,0.36187,Alexnet
1924,1,4,0.34801397,VGG16
1925,1,4,0.34942472,Resnet50
1926,1,4,0.36406887,Alexnet
1927,1,4,0.3449409,VGG16
1928,1,4,0.3511674,Resnet50
1929,1,4,0.3656457,Alexnet
1930,1,4,0.34959868,VGG16
1931,1,4,0.36358523,Resnet50
1932,1,4,0.3594389,Alexnet
1933,1,4,0.3483997,VGG16
1934,1,4,0.3501608,Resnet50
1935,1,4,0.36393073,Alexnet
1936,1,4,0.34733367,VGG16
1937,1,4,0.34615418,Resnet50
1938,1,4,0.36179057,Alexnet
1939,1,4,0.349537,VGG16
1940,1,4,0.35386065,Resnet50
1941,1,4,0.35963222,Alexnet
1942,1,4,0.34734273,VGG16
1943,1,4,0.34374842,Resnet50
1944,1,4,0.35950166,Alexnet
1945,1,4,0.35316518,VGG16
1946,1,4,0.35301226,Resnet50
1947,1,4,0.36485603,Alexnet
1948,1,4,0.34892228,VGG16
1949,1,4,0.35433865,Resnet50
1950,1,5,0.3456041,Alexnet
1951,1,5,0.33464104,VGG16
1952,1,5,0.3424697,Resnet50
1953,1,5,0.35021716,Alexnet
1954,1,5,0.33877555,VGG16
1955,1,5,0.3419063,Resnet50
1956,1,5,0.3496783,Alexnet
1957,1,5,0.33628052,VGG16
1958,1,5,0.33961275,Resnet50
1959,1,5,0.3520409,Alexnet
1960,1,5,0.3374873,VGG16
1961,1,5,0.3523291,Resnet50
1962,1,5,0.349817,Alexnet
1963,1,5,0.3345387,VGG16
1964,1,5,0.3461771,Resnet50
1965,1,5,0.34889784,Alexnet
1966,1,5,0.33608115,VGG16
1967,1,5,0.3464183,Resnet50
1968,1,5,0.3464545,Alexnet
1969,1,5,0.33523893,VGG16
1970,1,5,0.34841946,Resnet50
1971,1,5,0.35203022,Alexnet
1972,1,5,0.3378906,VGG16
1973,1,5,0.34640092,Resnet50
1974,1,5,0.35258526,Alexnet
1975,1,5,0.33881944,VGG16
1976,1,5,0.34684783,Resnet50
1977,1,5,0.35297608,Alexnet
1978,1,5,0.33778107,VGG16
1979,1,5,0.35089245,Resnet50
1980,1,6,0.3627222,Alexnet
1981,1,6,0.35372147,VGG16
1982,1,6,0.34902883,Resnet50
1983,1,6,0.3572988,Alexnet
1984,1,6,0.35350636,VGG16
1985,1,6,0.34947428,Resnet50
1986,1,6,0.36728024,Alexnet
1987,1,6,0.35687423,VGG16
1988,1,6,0.3513007,Resnet50
1989,1,6,0.3649433,Alexnet
1990,1,6,0.35370252,VGG16
1991,1,6,0.34853137,Resnet50
1992,1,6,0.35205656,Alexnet
1993,1,6,0.35551938,VGG16
1994,1,6,0.35666743,Resnet50
1995,1,6,0.36220488,Alexnet
1996,1,6,0.35984343,VGG16
1997,1,6,0.35788354,Resnet50
1998,1,6,0.35916692,Alexnet
1999,1,6,0.352324,VGG16
2000,1,6,0.35371646,Resnet50
2001,1,6,0.35606086,Alexnet
2002,1,6,0.35897443,VGG16
2003,1,6,0.3549832,Resnet50
2004,1,6,0.36015716,Alexnet
2005,1,6,0.3540939,VGG16
2006,1,6,0.3549799,Resnet50
2007,1,6,0.3646266,Alexnet
2008,1,6,0.35736185,VGG16
2009,1,6,0.3646211,Resnet50
2010,1,7,0.3553716,Alexnet
2011,1,7,0.33281773,VGG16
2012,1,7,0.3594591,Resnet50
2013,1,7,0.36359173,Alexnet
2014,1,7,0.33938998,VGG16
2015,1,7,0.3561866,Resnet50
2016,1,7,0.36229762,Alexnet
2017,1,7,0.33930013,VGG16
2018,1,7,0.37090176,Resnet50
2019,1,7,0.36907604,Alexnet
2020,1,7,0.3426909,VGG16
2021,1,7,0.36255217,Resnet50
2022,1,7,0.35279354,Alexnet
2023,1,7,0.33486015,VGG16
2024,1,7,0.35263336,Resnet50
2025,1,7,0.35209385,Alexnet
2026,1,7,0.3333279,VGG16
2027,1,7,0.35704634,Resnet50
2028,1,7,0.35755372,Alexnet
2029,1,7,0.3332037,VGG16
2030,1,7,0.35471812,Resnet50
2031,1,7,0.3605695,Alexnet
2032,1,7,0.33710113,VGG16
2033,1,7,0.35560203,Resnet50
2034,1,7,0.3619923,Alexnet
2035,1,7,0.33852342,VGG16
2036,1,7,0.36112842,Resnet50
2037,1,7,0.36087778,Alexnet
2038,1,7,0.3371991,VGG16
2039,1,7,0.36278966,Resnet50
2040,1,8,0.35054618,Alexnet
2041,1,8,0.33995658,VGG16
2042,1,8,0.3639426,Resnet50
2043,1,8,0.3533897,Alexnet
2044,1,8,0.34444284,VGG16
2045,1,8,0.3567033,Resnet50
2046,1,8,0.35217455,Alexnet
2047,1,8,0.3373904,VGG16
2048,1,8,0.35321155,Resnet50
2049,1,8,0.34256572,Alexnet
2050,1,8,0.34099764,VGG16
2051,1,8,0.35739356,Resnet50
2052,1,8,0.35363218,Alexnet
2053,1,8,0.33442247,VGG16
2054,1,8,0.35573372,Resnet50
2055,1,8,0.35419533,Alexnet
2056,1,8,0.3400718,VGG16
2057,1,8,0.3558112,Resnet50
2058,1,8,0.35575992,Alexnet
2059,1,8,0.34474617,VGG16
2060,1,8,0.3622082,Resnet50
2061,1,8,0.35491285,Alexnet
2062,1,8,0.33457324,VGG16
2063,1,8,0.3482323,Resnet50
2064,1,8,0.34886762,Alexnet
2065,1,8,0.33859524,VGG16
2066,1,8,0.34850064,Resnet50
2067,1,8,0.34814385,Alexnet
2068,1,8,0.33886886,VGG16
2069,1,8,0.35084727,Resnet50
2070,1,9,0.34124115,Alexnet
2071,1,9,0.34549257,VGG16
2072,1,9,0.34747815,Resnet50
2073,1,9,0.3417906,Alexnet
2074,1,9,0.34479362,VGG16
2075,1,9,0.34506965,Resnet50
2076,1,9,0.33849123,Alexnet
2077,1,9,0.34462556,VGG16
2078,1,9,0.33905578,Resnet50
2079,1,9,0.3438634,Alexnet
2080,1,9,0.3473994,VGG16
2081,1,9,0.34457782,Resnet50
2082,1,9,0.34326497,Alexnet
2083,1,9,0.34237838,VGG16
2084,1,9,0.3457721,Resnet50
2085,1,9,0.33984745,Alexnet
2086,1,9,0.34405473,VGG16
2087,1,9,0.34361845,Resnet50
2088,1,9,0.34289363,Alexnet
2089,1,9,0.34541857,VGG16
2090,1,9,0.35219976,Resnet50
2091,1,9,0.33680758,Alexnet
2092,1,9,0.34312847,VGG16
2093,1,9,0.33823314,Resnet50
2094,1,9,0.3469151,Alexnet
2095,1,9,0.34707618,VGG16
2096,1,9,0.3472157,Resnet50
2097,1,9,0.33908567,Alexnet
2098,1,9,0.3456492,VGG16
2099,1,9,0.3484029,Resnet50
2100,1,10,0.34629685,Alexnet
2101,1,10,0.34079054,VGG16
2102,1,10,0.35101715,Resnet50
2103,1,10,0.3490586,Alexnet
2104,1,10,0.34466252,VGG16
2105,1,10,0.35301512,Resnet50
2106,1,10,0.34772855,Alexnet
2107,1,10,0.34346208,VGG16
2108,1,10,0.3512831,Resnet50
2109,1,10,0.34576786,Alexnet
2110,1,10,0.33926284,VGG16
2111,1,10,0.35815322,Resnet50
2112,1,10,0.35584113,Alexnet
2113,1,10,0.34324744,VGG16
2114,1,10,0.36019915,Resnet50
2115,1,10,0.35406604,Alexnet
2116,1,10,0.34103766,VGG16
2117,1,10,0.35155255,Resnet50
2118,1,10,0.3504777,Alexnet
2119,1,10,0.34994864,VGG16
2120,1,10,0.3570419,Resnet50
2121,1,10,0.3580985,Alexnet
2122,1,10,0.34368005,VGG16
2123,1,10,0.35956427,Resnet50
2124,1,10,0.3493847,Alexnet
2125,1,10,0.3412374,VGG16
2126,1,10,0.36284897,Resnet50
2127,1,10,0.35205153,Alexnet
2128,1,10,0.34062666,VGG16
2129,1,10,0.35504302,Resnet50
2130,1,11,0.37348837,Alexnet
2131,1,11,0.3508589,VGG16
2132,1,11,0.3578794,Resnet50
2133,1,11,0.37062562,Alexnet
2134,1,11,0.3443972,VGG16
2135,1,11,0.3520412,Resnet50
2136,1,11,0.35801885,Alexnet
2137,1,11,0.3413527,VGG16
2138,1,11,0.35297802,Resnet50
2139,1,11,0.37108073,Alexnet
2140,1,11,0.33892345,VGG16
2141,1,11,0.35346818,Resnet50
2142,1,11,0.3686426,Alexnet
2143,1,11,0.3461999,VGG16
2144,1,11,0.35615483,Resnet50
2145,1,11,0.35758606,Alexnet
2146,1,11,0.34402043,VGG16
2147,1,11,0.3542718,Resnet50
2148,1,11,0.36534116,Alexnet
2149,1,11,0.340727,VGG16
2150,1,11,0.3592485,Resnet50
2151,1,11,0.35362446,Alexnet
2152,1,11,0.33931288,VGG16
2153,1,11,0.35437956,Resnet50
2154,1,11,0.36167598,Alexnet
2155,1,11,0.34116295,VGG16
2156,1,11,0.34844133,Resnet50
2157,1,11,0.36626333,Alexnet
2158,1,11,0.34187472,VGG16
2159,1,11,0.35269815,Resnet50
2160,1,12,0.3508251,Alexnet
2161,1,12,0.3374315,VGG16
2162,1,12,0.3618616,Resnet50
2163,1,12,0.34632918,Alexnet
2164,1,12,0.33411714,VGG16
2165,1,12,0.3612846,Resnet50
2166,1,12,0.34717402,Alexnet
2167,1,12,0.33362022,VGG16
2168,1,12,0.35702515,Resnet50
2169,1,12,0.3520213,Alexnet
2170,1,12,0.33817598,VGG16
2171,1,12,0.36836597,Resnet50
2172,1,12,0.3571804,Alexnet
2173,1,12,0.34429273,VGG16
2174,1,12,0.36940116,Resnet50
2175,1,12,0.35726038,Alexnet
2176,1,12,0.3397358,VGG16
2177,1,12,0.36294326,Resnet50
2178,1,12,0.3527374,Alexnet
2179,1,12,0.34644717,VGG16
2180,1,12,0.37275895,Resnet50
2181,1,12,0.3493285,Alexnet
2182,1,12,0.34017932,VGG16
2183,1,12,0.36386204,Resnet50
2184,1,12,0.34942648,Alexnet
2185,1,12,0.34141073,VGG16
2186,1,12,0.3760834,Resnet50
2187,1,12,0.3538239,Alexnet
2188,1,12,0.33713558,VGG16
2189,1,12,0.3633427,Resnet50
2190,1,13,0.35866264,Alexnet
2191,1,13,0.3424894,VGG16
2192,1,13,0.36063987,Resnet50
2193,1,13,0.3653293,Alexnet
2194,1,13,0.34823164,VGG16
2195,1,13,0.36572155,Resnet50
2196,1,13,0.35386744,Alexnet
2197,1,13,0.34012064,VGG16
2198,1,13,0.36150667,Resnet50
2199,1,13,0.36135998,Alexnet
2200,1,13,0.33978218,VGG16
2201,1,13,0.36454862,Resnet50
2202,1,13,0.36267886,Alexnet
2203,1,13,0.3465374,VGG16
2204,1,13,0.3658882,Resnet50
2205,1,13,0.35123757,Alexnet
2206,1,13,0.33991298,VGG16
2207,1,13,0.36231774,Resnet50
2208,1,13,0.362242,Alexnet
2209,1,13,0.33230188,VGG16
2210,1,13,0.36209407,Resnet50
2211,1,13,0.35173115,Alexnet
2212,1,13,0.3408922,VGG16
2213,1,13,0.36348844,Resnet50
2214,1,13,0.36437583,Alexnet
2215,1,13,0.34499273,VGG16
2216,1,13,0.37487477,Resnet50
2217,1,13,0.3479946,Alexnet
2218,1,13,0.3313815,VGG16
2219,1,13,0.3580022,Resnet50
2220,1,14,0.35171393,Alexnet
2221,1,14,0.33877686,VGG16
2222,1,14,0.34398398,Resnet50
2223,1,14,0.34543228,Alexnet
2224,1,14,0.33735412,VGG16
2225,1,14,0.34366393,Resnet50
2226,1,14,0.34639725,Alexnet
2227,1,14,0.33564088,VGG16
2228,1,14,0.34338364,Resnet50
2229,1,14,0.34513444,Alexnet
2230,1,14,0.33602372,VGG16
2231,1,14,0.3361237,Resnet50
2232,1,14,0.34371358,Alexnet
2233,1,14,0.33890226,VGG16
2234,1,14,0.3472024,Resnet50
2235,1,14,0.34775516,Alexnet
2236,1,14,0.33856127,VGG16
2237,1,14,0.34987584,Resnet50
2238,1,14,0.34191987,Alexnet
2239,1,14,0.33524817,VGG16
2240,1,14,0.33308846,Resnet50
2241,1,14,0.34297514,Alexnet
2242,1,14,0.33628628,VGG16
2243,1,14,0.34407055,Resnet50
2244,1,14,0.3396945,Alexnet
2245,1,14,0.33336017,VGG16
2246,1,14,0.33162427,Resnet50
2247,1,14,0.34038088,Alexnet
2248,1,14,0.33639026,VGG16
2249,1,14,0.33532655,Resnet50
2250,1,15,0.35705674,Alexnet
2251,1,15,0.35231632,VGG16
2252,1,15,0.36728758,Resnet50
2253,1,15,0.35811588,Alexnet
2254,1,15,0.34899706,VGG16
2255,1,15,0.3550466,Resnet50
2256,1,15,0.3581026,Alexnet
2257,1,15,0.34417272,VGG16
2258,1,15,0.36791986,Resnet50
2259,1,15,0.35704932,Alexnet
2260,1,15,0.34771904,VGG16
2261,1,15,0.3581828,Resnet50
2262,1,15,0.35432518,Alexnet
2263,1,15,0.34851196,VGG16
2264,1,15,0.34904453,Resnet50
2265,1,15,0.36008164,Alexnet
2266,1,15,0.3459018,VGG16
2267,1,15,0.36204204,Resnet50
2268,1,15,0.36137933,Alexnet
2269,1,15,0.34660414,VGG16
2270,1,15,0.35397547,Resnet50
2271,1,15,0.35658008,Alexnet
2272,1,15,0.34396282,VGG16
2273,1,15,0.35006094,Resnet50
2274,1,15,0.3534224,Alexnet
2275,1,15,0.34574372,VGG16
2276,1,15,0.35047048,Resnet50
2277,1,15,0.35515603,Alexnet
2278,1,15,0.34292024,VGG16
2279,1,15,0.34956205,Resnet50
2280,1,16,0.34053004,Alexnet
2281,1,16,0.33431596,VGG16
2282,1,16,0.35055986,Resnet50
2283,1,16,0.33878526,Alexnet
2284,1,16,0.33376846,VGG16
2285,1,16,0.34309185,Resnet50
2286,1,16,0.3451298,Alexnet
2287,1,16,0.3376705,VGG16
2288,1,16,0.3538858,Resnet50
2289,1,16,0.34071878,Alexnet
2290,1,16,0.33400664,VGG16
2291,1,16,0.34874925,Resnet50
2292,1,16,0.34300798,Alexnet
2293,1,16,0.33796546,VGG16
2294,1,16,0.35239792,Resnet50
2295,1,16,0.34442678,Alexnet
2296,1,16,0.3356277,VGG16
2297,1,16,0.35185474,Resnet50
2298,1,16,0.3411768,Alexnet
2299,1,16,0.3361938,VGG16
2300,1,16,0.35518202,Resnet50
2301,1,16,0.34147745,Alexnet
2302,1,16,0.33237815,VGG16
2303,1,16,0.3461661,Resnet50
2304,1,16,0.34159663,Alexnet
2305,1,16,0.33633345,VGG16
2306,1,16,0.35398042,Resnet50
2307,1,16,0.34136227,Alexnet
2308,1,16,0.33217958,VGG16
2309,1,16,0.3442169,Resnet50
2310,1,17,0.35268992,Alexnet
2311,1,17,0.3416625,VGG16
2312,1,17,0.35119,Resnet50
2313,1,17,0.35269177,Alexnet
2314,1,17,0.34252536,VGG16
2315,1,17,0.36298347,Resnet50
2316,1,17,0.3450873,Alexnet
2317,1,17,0.34037465,VGG16
2318,1,17,0.34931427,Resnet50
2319,1,17,0.34883347,Alexnet
2320,1,17,0.33793584,VGG16
2321,1,17,0.3435185,Resnet50
2322,1,17,0.35765383,Alexnet
2323,1,17,0.3383058,VGG16
2324,1,17,0.3524352,Resnet50
2325,1,17,0.35627466,Alexnet
2326,1,17,0.3389969,VGG16
2327,1,17,0.34040418,Resnet50
2328,1,17,0.35867617,Alexnet
2329,1,17,0.33733466,VGG16
2330,1,17,0.339488,Resnet50
2331,1,17,0.34800625,Alexnet
2332,1,17,0.3347075,VGG16
2333,1,17,0.34880683,Resnet50
2334,1,17,0.3547677,Alexnet
2335,1,17,0.3342416,VGG16
2336,1,17,0.34357727,Resnet50
2337,1,17,0.3546588,Alexnet
2338,1,17,0.33739713,VGG16
2339,1,17,0.341106,Resnet50
2340,1,18,0.34937337,Alexnet
2341,1,18,0.3399523,VGG16
2342,1,18,0.35595188,Resnet50
2343,1,18,0.35291204,Alexnet
2344,1,18,0.33422565,VGG16
2345,1,18,0.33999947,Resnet50
2346,1,18,0.35194543,Alexnet
2347,1,18,0.33937538,VGG16
2348,1,18,0.35031292,Resnet50
2349,1,18,0.35510665,Alexnet
2350,1,18,0.33906782,VGG16
2351,1,18,0.353394,Resnet50
2352,1,18,0.3509485,Alexnet
2353,1,18,0.3340286,VGG16
2354,1,18,0.34009707,Resnet50
2355,1,18,0.35101295,Alexnet
2356,1,18,0.334751,VGG16
2357,1,18,0.34955683,Resnet50
2358,1,18,0.3473719,Alexnet
2359,1,18,0.33812392,VGG16
2360,1,18,0.35625222,Resnet50
2361,1,18,0.3535922,Alexnet
2362,1,18,0.33332956,VGG16
2363,1,18,0.3400341,Resnet50
2364,1,18,0.3478082,Alexnet
2365,1,18,0.33369365,VGG16
2366,1,18,0.34070978,Resnet50
2367,1,18,0.34963092,Alexnet
2368,1,18,0.33585885,VGG16
2369,1,18,0.34697762,Resnet50
2370,1,19,0.34608862,Alexnet
2371,1,19,0.3359546,VGG16
2372,1,19,0.35670564,Resnet50
2373,1,19,0.34564045,Alexnet
2374,1,19,0.33608693,VGG16
2375,1,19,0.36238098,Resnet50
2376,1,19,0.34918436,Alexnet
2377,1,19,0.34088436,VGG16
2378,1,19,0.36033383,Resnet50
2379,1,19,0.34708348,Alexnet
2380,1,19,0.33537403,VGG16
2381,1,19,0.36218616,Resnet50
2382,1,19,0.34460807,Alexnet
2383,1,19,0.3377673,VGG16
2384,1,19,0.35766032,Resnet50
2385,1,19,0.34510726,Alexnet
2386,1,19,0.3368097,VGG16
2387,1,19,0.35544387,Resnet50
2388,1,19,0.34548694,Alexnet
2389,1,19,0.33687025,VGG16
2390,1,19,0.35819644,Resnet50
2391,1,19,0.35056117,Alexnet
2392,1,19,0.34093696,VGG16
2393,1,19,0.35630032,Resnet50
2394,1,19,0.34566593,Alexnet
2395,1,19,0.3350295,VGG16
2396,1,19,0.35968086,Resnet50
2397,1,19,0.34795907,Alexnet
2398,1,19,0.33410892,VGG16
2399,1,19,0.355716,Resnet50
